method_name,episode_id,target_id,scene,success,failure,collision,timeout,final_ee_error,final_joint_error,minimum_safety_margin,steps_to_goal,wall_time,planning_time,control_time_mean,trajectory_length_joint,trajectory_length_ee,smoothness_jerk,rrtstar_available,rrtstar_exact_solution,rrtstar_approximate_solution,controller_class,controller_entrypoint,config_path,tuned_reference_script,target_publish_count,target_publish_duration,uses_clean_controller,uses_native_margin,deployment_refinement_enabled,local_refinement_enabled,margin_fallback,target_not_available,backend,skipped_reason,path_length_joint,planning_time_limit,goal_bias,interpolation_resolution,collision_check_resolution,number_of_validity_checks,number_of_invalid_states
storm_mppi_tuned,0,static_tall_formal_000,tall,true,false,false,false,0.04912056245990848,1.8882486593600736,0.0878999940395355,92,5.074084281921387,1.4372706413269043,0.019026908245715467,0.6062119805898877,0.24451757757073286,0.0001835073322320579,nan,nan,nan,MPPI,examples/sim_gazebo/reach_static_ur7e_tall.py,examples/sim_gazebo/config/ur7e_reacher_gazebo_tall.yml,examples/sim_gazebo/bash/run_all_reach_static_tall.sh,9,2.0,false,false,false,false,true,false,python_internal_tuned_logic,,,,,,,,
storm_mppi_tuned,1,static_tall_formal_001,tall,true,false,false,false,0.04991783678503503,2.7652769037099882,0.049031095697830596,85,4.383346319198608,1.8817369937896729,0.025937352861676897,0.48764760288124176,0.29878640996931655,0.00023956299506097686,nan,nan,nan,MPPI,examples/sim_gazebo/reach_static_ur7e_tall.py,examples/sim_gazebo/config/ur7e_reacher_gazebo_tall.yml,examples/sim_gazebo/bash/run_all_reach_static_tall.sh,9,2.0,false,false,false,false,true,false,python_internal_tuned_logic,,,,,,,,
storm_mppi_tuned,2,static_tall_formal_002,tall,true,false,false,false,0.049387033096559126,2.690983556626533,0.0878999940395355,80,4.180378198623657,1.727353572845459,0.02522524097297765,0.5314447005489633,0.26406736727698893,0.00019947903974151465,nan,nan,nan,MPPI,examples/sim_gazebo/reach_static_ur7e_tall.py,examples/sim_gazebo/config/ur7e_reacher_gazebo_tall.yml,examples/sim_gazebo/bash/run_all_reach_static_tall.sh,9,2.0,false,false,false,false,true,false,python_internal_tuned_logic,,,,,,,,
storm_mppi_tuned,3,static_tall_formal_003,tall,true,false,false,false,0.048759368059309194,0.9508047165130594,0.052822952373697545,108,4.865003824234009,2.322399854660034,0.02522680692583601,1.0552653259738531,0.3270981673842175,0.00036651608895589045,nan,nan,nan,MPPI,examples/sim_gazebo/reach_static_ur7e_tall.py,examples/sim_gazebo/config/ur7e_reacher_gazebo_tall.yml,examples/sim_gazebo/bash/run_all_reach_static_tall.sh,9,2.0,false,false,false,false,true,false,python_internal_tuned_logic,,,,,,,,
storm_mppi_tuned,4,static_tall_formal_004,tall,true,false,false,false,0.04869784293698188,2.062727083814322,0.08693477198331176,108,4.804174900054932,2.311964988708496,0.025133108424249095,0.9634716888775896,0.30458978452373725,0.0001806562992272187,nan,nan,nan,MPPI,examples/sim_gazebo/reach_static_ur7e_tall.py,examples/sim_gazebo/config/ur7e_reacher_gazebo_tall.yml,examples/sim_gazebo/bash/run_all_reach_static_tall.sh,9,2.0,false,false,false,false,true,false,python_internal_tuned_logic,,,,,,,,
storm_mppi_tuned,5,static_tall_formal_005,tall,true,false,false,false,0.04999620807993055,2.3996031553466475,0.08517427906765108,102,5.168662786483765,2.199955701828003,0.025387874924310362,0.7098860202502185,0.3404722072289412,0.00022275676761690657,nan,nan,nan,MPPI,examples/sim_gazebo/reach_static_ur7e_tall.py,examples/sim_gazebo/config/ur7e_reacher_gazebo_tall.yml,examples/sim_gazebo/bash/run_all_reach_static_tall.sh,9,2.0,false,false,false,false,true,false,python_internal_tuned_logic,,,,,,,,
storm_mppi_tuned,6,static_tall_formal_006,tall,true,false,false,false,0.0497184912377595,1.634250140534946,0.0878999940395355,79,4.046307563781738,1.6911778450012207,0.024984702085837338,0.4715243820811013,0.2237167138358499,0.00021848124298651152,nan,nan,nan,MPPI,examples/sim_gazebo/reach_static_ur7e_tall.py,examples/sim_gazebo/config/ur7e_reacher_gazebo_tall.yml,examples/sim_gazebo/bash/run_all_reach_static_tall.sh,9,2.0,false,false,false,false,true,false,python_internal_tuned_logic,,,,,,,,
storm_mppi_tuned,7,static_tall_formal_007,tall,true,false,false,false,0.049105098759751456,0.9189584121862102,0.0878999940395355,61,3.96767258644104,1.4091405868530273,0.02709562381108602,0.2638129718547111,0.12067475713926748,0.00028853387719782246,nan,nan,nan,MPPI,examples/sim_gazebo/reach_static_ur7e_tall.py,examples/sim_gazebo/config/ur7e_reacher_gazebo_tall.yml,examples/sim_gazebo/bash/run_all_reach_static_tall.sh,9,2.0,false,false,false,false,true,false,python_internal_tuned_logic,,,,,,,,
storm_mppi_tuned,8,static_tall_formal_008,tall,true,false,false,false,0.04909659936256258,4.523061654296243,0.06804525566076404,120,5.392826557159424,2.708785057067871,0.026381310294656193,0.9769980091811143,0.4885279787882904,0.0002230429789436347,nan,nan,nan,MPPI,examples/sim_gazebo/reach_static_ur7e_tall.py,examples/sim_gazebo/config/ur7e_reacher_gazebo_tall.yml,examples/sim_gazebo/bash/run_all_reach_static_tall.sh,9,2.0,false,false,false,false,true,false,python_internal_tuned_logic,,,,,,,,
storm_mppi_tuned,9,static_tall_formal_009,tall,true,false,false,false,0.047738718577925554,2.574233526941782,0.0878999940395355,102,5.591890335083008,2.46783447265625,0.032366145955454007,0.8165962567693318,0.2842014183960514,0.004864407693717414,nan,nan,nan,MPPI,examples/sim_gazebo/reach_static_ur7e_tall.py,examples/sim_gazebo/config/ur7e_reacher_gazebo_tall.yml,examples/sim_gazebo/bash/run_all_reach_static_tall.sh,9,2.0,false,false,false,false,true,false,python_internal_tuned_logic,,,,,,,,
storm_mppi_tuned,10,static_tall_formal_010,tall,true,false,false,false,0.048502725114273934,0.4558399025554653,0.05960720126351742,119,7.3711936473846436,2.651763677597046,0.028057658066183835,1.3330573388432834,0.47095283757363066,0.0026541879181345876,nan,nan,nan,MPPI,examples/sim_gazebo/reach_static_ur7e_tall.py,examples/sim_gazebo/config/ur7e_reacher_gazebo_tall.yml,examples/sim_gazebo/bash/run_all_reach_static_tall.sh,9,2.0,false,false,false,false,true,false,python_internal_tuned_logic,,,,,,,,
storm_mppi_tuned,11,static_tall_formal_011,tall,true,false,false,false,0.04785099918726312,1.236901984737908,0.0878999940395355,78,4.582335472106934,1.2007815837860107,0.02003313349438952,0.433640732476672,0.21738687362015038,0.00024051283388492462,nan,nan,nan,MPPI,examples/sim_gazebo/reach_static_ur7e_tall.py,examples/sim_gazebo/config/ur7e_reacher_gazebo_tall.yml,examples/sim_gazebo/bash/run_all_reach_static_tall.sh,9,2.0,false,false,false,false,true,false,python_internal_tuned_logic,,,,,,,,
storm_mppi_tuned,12,static_tall_formal_012,tall,true,false,false,false,0.04973862506657529,3.439761610444528,0.08167541160060236,125,5.736978054046631,1.7199220657348633,0.018801410352030107,1.0295302797446666,0.29928880363386484,0.0006816866080275681,nan,nan,nan,MPPI,examples/sim_gazebo/reach_static_ur7e_tall.py,examples/sim_gazebo/config/ur7e_reacher_gazebo_tall.yml,examples/sim_gazebo/bash/run_all_reach_static_tall.sh,9,2.0,false,false,false,false,true,false,python_internal_tuned_logic,,,,,,,,
storm_mppi_tuned,13,static_tall_formal_013,tall,true,false,false,false,0.04875455314140672,1.0940605559551089,0.04952184506627249,142,7.637479782104492,3.1258647441864014,0.027436141426681628,1.3311338550613363,0.6078809991112024,0.0006089313311201692,nan,nan,nan,MPPI,examples/sim_gazebo/reach_static_ur7e_tall.py,examples/sim_gazebo/config/ur7e_reacher_gazebo_tall.yml,examples/sim_gazebo/bash/run_all_reach_static_tall.sh,9,2.0,false,false,false,false,true,false,python_internal_tuned_logic,,,,,,,,
storm_mppi_tuned,14,static_tall_formal_014,tall,true,false,false,false,0.04880133243410982,2.2415785282031906,0.0878999940395355,123,5.8589026927948,2.642918109893799,0.025220048232156723,1.2725948050543026,0.35740295569931957,0.00016743399976103544,nan,nan,nan,MPPI,examples/sim_gazebo/reach_static_ur7e_tall.py,examples/sim_gazebo/config/ur7e_reacher_gazebo_tall.yml,examples/sim_gazebo/bash/run_all_reach_static_tall.sh,9,2.0,false,false,false,false,true,false,python_internal_tuned_logic,,,,,,,,
storm_mppi_tuned,15,static_tall_formal_015,tall,true,false,false,false,0.04983764682028004,1.7451436782544367,0.045173890165811775,306,43.400355100631714,24.426254987716675,0.13505313201028793,2.111024168233798,0.6433138257545744,0.0070855714978695535,nan,nan,nan,MPPI,examples/sim_gazebo/reach_static_ur7e_tall.py,examples/sim_gazebo/config/ur7e_reacher_gazebo_tall.yml,examples/sim_gazebo/bash/run_all_reach_static_tall.sh,9,2.0,false,false,false,false,true,false,python_internal_tuned_logic,,,,,,,,
storm_mppi_tuned,16,static_tall_formal_016,tall,true,false,false,false,0.04890554671371474,2.210340670189493,0.05726024945249904,238,10.363665580749512,5.496681451797485,0.029685881570421693,1.9468406770907922,0.810760324947032,0.002481082210303656,nan,nan,nan,MPPI,examples/sim_gazebo/reach_static_ur7e_tall.py,examples/sim_gazebo/config/ur7e_reacher_gazebo_tall.yml,examples/sim_gazebo/bash/run_all_reach_static_tall.sh,9,2.0,false,false,false,false,true,false,python_internal_tuned_logic,,,,,,,,
storm_mppi_tuned,17,static_tall_formal_017,tall,true,false,false,false,0.04889784680940616,1.7204395007872475,0.0878999940395355,83,5.201982498168945,1.8456523418426514,0.02768909058919767,0.5408863970548018,0.22109091117936752,0.002051252271936221,nan,nan,nan,MPPI,examples/sim_gazebo/reach_static_ur7e_tall.py,examples/sim_gazebo/config/ur7e_reacher_gazebo_tall.yml,examples/sim_gazebo/bash/run_all_reach_static_tall.sh,9,2.0,false,false,false,false,true,false,python_internal_tuned_logic,,,,,,,,
storm_mppi_tuned,18,static_tall_formal_018,tall,true,false,false,false,0.04826847591368343,2.0622525341043985,0.04226544589618153,104,6.869861841201782,2.46055006980896,0.03139125953600245,0.545311383415499,0.28103147062473216,0.002325702451604492,nan,nan,nan,MPPI,examples/sim_gazebo/reach_static_ur7e_tall.py,examples/sim_gazebo/config/ur7e_reacher_gazebo_tall.yml,examples/sim_gazebo/bash/run_all_reach_static_tall.sh,9,2.0,false,false,false,false,true,false,python_internal_tuned_logic,,,,,,,,
storm_mppi_tuned,19,static_tall_formal_019,tall,true,false,false,false,0.04806517015886194,2.4925143170760573,0.08392624264178825,102,8.098025560379028,2.1517770290374756,0.03031436051472579,0.6313339217879979,0.32022091115457785,0.004987764940540125,nan,nan,nan,MPPI,examples/sim_gazebo/reach_static_ur7e_tall.py,examples/sim_gazebo/config/ur7e_reacher_gazebo_tall.yml,examples/sim_gazebo/bash/run_all_reach_static_tall.sh,9,2.0,false,false,false,false,true,false,python_internal_tuned_logic,,,,,,,,
sage_mppi_tuned,20,static_tall_formal_000,tall,true,false,false,false,0.04985578469677972,1.6634924185995188,0.0878999940395355,49,7.771211862564087,3.979814052581787,0.0873086005449295,0.5435776167918271,0.24034106657051416,0.0019065125259084446,nan,nan,nan,SAGE_MPPI,examples/SAGE_MPPI/clean_SAGE/reach_static_ur7e_tall.py,examples/SAGE_MPPI/clean_SAGE/config/ur7e_reacher_gazebo_tall_sage_clean.yml,examples/SAGE_MPPI/clean_SAGE/run_all_reach_static_tall.sh,9,2.0,true,true,true,true,true,false,python_internal_tuned_logic,,,,,,,,
sage_mppi_tuned,21,static_tall_formal_001,tall,true,false,false,false,0.04916251129184961,2.6438906102546236,0.0625155947372889,38,5.905306339263916,2.1010870933532715,0.062044717170096735,0.5329052320294788,0.29070370517789784,0.0028353996883455097,nan,nan,nan,SAGE_MPPI,examples/SAGE_MPPI/clean_SAGE/reach_static_ur7e_tall.py,examples/SAGE_MPPI/clean_SAGE/config/ur7e_reacher_gazebo_tall_sage_clean.yml,examples/SAGE_MPPI/clean_SAGE/run_all_reach_static_tall.sh,9,2.0,true,true,true,true,true,false,python_internal_tuned_logic,,,,,,,,
sage_mppi_tuned,22,static_tall_formal_002,tall,true,false,false,false,0.04942532943722146,2.6007265240006303,0.0878999940395355,61,47.15564727783203,33.08238363265991,0.6631003697713216,0.599685521624048,0.2939429903106733,0.006690540461027792,nan,nan,nan,SAGE_MPPI,examples/SAGE_MPPI/clean_SAGE/reach_static_ur7e_tall.py,examples/SAGE_MPPI/clean_SAGE/config/ur7e_reacher_gazebo_tall_sage_clean.yml,examples/SAGE_MPPI/clean_SAGE/run_all_reach_static_tall.sh,9,2.0,true,true,true,true,true,false,python_internal_tuned_logic,,,,,,,,
sage_mppi_tuned,23,static_tall_formal_003,tall,true,false,false,false,0.04785831707258784,1.111148357768858,0.052195264435298545,60,7.740674734115601,4.279013156890869,0.07731257858922926,1.0626872067182258,0.3411317932934186,0.00220280832268928,nan,nan,nan,SAGE_MPPI,examples/SAGE_MPPI/clean_SAGE/reach_static_ur7e_tall.py,examples/SAGE_MPPI/clean_SAGE/config/ur7e_reacher_gazebo_tall_sage_clean.yml,examples/SAGE_MPPI/clean_SAGE/run_all_reach_static_tall.sh,9,2.0,true,true,true,true,true,false,python_internal_tuned_logic,,,,,,,,
sage_mppi_tuned,24,static_tall_formal_004,tall,true,false,false,false,0.04847730772535443,2.4078150414210175,0.0878999940395355,49,6.7287492752075195,2.6855714321136475,0.060791085163752236,0.9053661226595359,0.2920281932214466,0.0051847257287815154,nan,nan,nan,SAGE_MPPI,examples/SAGE_MPPI/clean_SAGE/reach_static_ur7e_tall.py,examples/SAGE_MPPI/clean_SAGE/config/ur7e_reacher_gazebo_tall_sage_clean.yml,examples/SAGE_MPPI/clean_SAGE/run_all_reach_static_tall.sh,9,2.0,true,true,true,true,true,false,python_internal_tuned_logic,,,,,,,,
sage_mppi_tuned,25,static_tall_formal_005,tall,true,false,false,false,0.04736132462075019,2.59202990651313,0.08388797879188055,41,5.829465627670288,2.1251351833343506,0.05920711755752563,0.731598507538343,0.34762401592738645,0.002607337043166332,nan,nan,nan,SAGE_MPPI,examples/SAGE_MPPI/clean_SAGE/reach_static_ur7e_tall.py,examples/SAGE_MPPI/clean_SAGE/config/ur7e_reacher_gazebo_tall_sage_clean.yml,examples/SAGE_MPPI/clean_SAGE/run_all_reach_static_tall.sh,9,2.0,true,true,true,true,true,false,python_internal_tuned_logic,,,,,,,,
sage_mppi_tuned,26,static_tall_formal_006,tall,true,false,false,false,0.04988565138628944,1.2892968520059531,0.0878999940395355,39,9.060680389404297,2.4532060623168945,0.07372814730594032,0.5570619224189031,0.2288386758325009,0.0026997703762939775,nan,nan,nan,SAGE_MPPI,examples/SAGE_MPPI/clean_SAGE/reach_static_ur7e_tall.py,examples/SAGE_MPPI/clean_SAGE/config/ur7e_reacher_gazebo_tall_sage_clean.yml,examples/SAGE_MPPI/clean_SAGE/run_all_reach_static_tall.sh,9,2.0,true,true,true,true,true,false,python_internal_tuned_logic,,,,,,,,
sage_mppi_tuned,27,static_tall_formal_007,tall,true,false,false,false,0.049958290403094914,0.9481896024626218,0.0878999940395355,36,5.246565818786621,1.9143047332763672,0.05966168812343053,0.278606312485929,0.11837728916666614,0.0015416994673380679,nan,nan,nan,SAGE_MPPI,examples/SAGE_MPPI/clean_SAGE/reach_static_ur7e_tall.py,examples/SAGE_MPPI/clean_SAGE/config/ur7e_reacher_gazebo_tall_sage_clean.yml,examples/SAGE_MPPI/clean_SAGE/run_all_reach_static_tall.sh,9,2.0,true,true,true,true,true,false,python_internal_tuned_logic,,,,,,,,
sage_mppi_tuned,28,static_tall_formal_008,tall,true,false,false,false,0.048546521061916065,4.526685926602982,0.08549619417989988,65,8.5637788772583,4.753973484039307,0.08021777495741844,1.0799126861707555,0.5249962236662831,0.0029296681325269355,nan,nan,nan,SAGE_MPPI,examples/SAGE_MPPI/clean_SAGE/reach_static_ur7e_tall.py,examples/SAGE_MPPI/clean_SAGE/config/ur7e_reacher_gazebo_tall_sage_clean.yml,examples/SAGE_MPPI/clean_SAGE/run_all_reach_static_tall.sh,9,2.0,true,true,true,true,true,false,python_internal_tuned_logic,,,,,,,,
sage_mppi_tuned,29,static_tall_formal_009,tall,true,false,false,false,0.04872416709447984,2.580768550214404,0.0878999940395355,54,37.49786114692688,4.038146495819092,0.08421336929753141,0.8378050083001485,0.3032703323933309,0.002501683967452636,nan,nan,nan,SAGE_MPPI,examples/SAGE_MPPI/clean_SAGE/reach_static_ur7e_tall.py,examples/SAGE_MPPI/clean_SAGE/config/ur7e_reacher_gazebo_tall_sage_clean.yml,examples/SAGE_MPPI/clean_SAGE/run_all_reach_static_tall.sh,9,2.0,true,true,true,true,true,false,python_internal_tuned_logic,,,,,,,,
sage_mppi_tuned,30,static_tall_formal_010,tall,true,false,false,false,0.04786763238593491,0.25808937054331355,0.0549703932856097,72,8.34388017654419,5.011081695556641,0.0743417739868164,1.3765810149952982,0.481306019593912,0.0025746899992492114,nan,nan,nan,SAGE_MPPI,examples/SAGE_MPPI/clean_SAGE/reach_static_ur7e_tall.py,examples/SAGE_MPPI/clean_SAGE/config/ur7e_reacher_gazebo_tall_sage_clean.yml,examples/SAGE_MPPI/clean_SAGE/run_all_reach_static_tall.sh,9,2.0,true,true,true,true,true,false,python_internal_tuned_logic,,,,,,,,
sage_mppi_tuned,31,static_tall_formal_011,tall,true,false,false,false,0.04907378945516307,1.1945793087113026,0.0878999940395355,30,4.6269989013671875,2.1820600032806396,0.07729209702590416,0.44885406632617103,0.21655432143121514,0.0025458009966018652,nan,nan,nan,SAGE_MPPI,examples/SAGE_MPPI/clean_SAGE/reach_static_ur7e_tall.py,examples/SAGE_MPPI/clean_SAGE/config/ur7e_reacher_gazebo_tall_sage_clean.yml,examples/SAGE_MPPI/clean_SAGE/run_all_reach_static_tall.sh,9,2.0,true,true,true,true,true,false,python_internal_tuned_logic,,,,,,,,
sage_mppi_tuned,32,static_tall_formal_012,tall,true,false,false,false,0.04928155078165932,2.4810024342976513,0.07535433962360104,60,33.65604090690613,25.712344884872437,0.5295917139214984,0.8500366759965301,0.3433171764684021,0.0069097658846529846,nan,nan,nan,SAGE_MPPI,examples/SAGE_MPPI/clean_SAGE/reach_static_ur7e_tall.py,examples/SAGE_MPPI/clean_SAGE/config/ur7e_reacher_gazebo_tall_sage_clean.yml,examples/SAGE_MPPI/clean_SAGE/run_all_reach_static_tall.sh,9,2.0,true,true,true,true,true,false,python_internal_tuned_logic,,,,,,,,
sage_mppi_tuned,33,static_tall_formal_013,tall,true,false,false,false,0.049503927337432974,0.8658445681826257,0.050516324497404695,75,8.791239261627197,5.183293104171753,0.07410896468806911,1.4312837318776332,0.5638584891643476,0.002482230868490704,nan,nan,nan,SAGE_MPPI,examples/SAGE_MPPI/clean_SAGE/reach_static_ur7e_tall.py,examples/SAGE_MPPI/clean_SAGE/config/ur7e_reacher_gazebo_tall_sage_clean.yml,examples/SAGE_MPPI/clean_SAGE/run_all_reach_static_tall.sh,9,2.0,true,true,true,true,true,false,python_internal_tuned_logic,,,,,,,,
sage_mppi_tuned,34,static_tall_formal_014,tall,true,false,false,false,0.049647570882905244,2.172907690273033,0.0878999940395355,63,6.7690794467926025,4.365076065063477,0.07334189261159589,1.302325742570042,0.36354525613085864,0.0027027909434072434,nan,nan,nan,SAGE_MPPI,examples/SAGE_MPPI/clean_SAGE/reach_static_ur7e_tall.py,examples/SAGE_MPPI/clean_SAGE/config/ur7e_reacher_gazebo_tall_sage_clean.yml,examples/SAGE_MPPI/clean_SAGE/run_all_reach_static_tall.sh,9,2.0,true,true,true,true,true,false,python_internal_tuned_logic,,,,,,,,
sage_mppi_tuned,35,static_tall_formal_015,tall,true,false,false,false,0.04629409593056686,1.614633960073107,0.037582852857418664,69,8.89789891242981,5.275962829589844,0.0846497661927167,1.1523242813489902,0.46145628500912217,0.004836948413066001,nan,nan,nan,SAGE_MPPI,examples/SAGE_MPPI/clean_SAGE/reach_static_ur7e_tall.py,examples/SAGE_MPPI/clean_SAGE/config/ur7e_reacher_gazebo_tall_sage_clean.yml,examples/SAGE_MPPI/clean_SAGE/run_all_reach_static_tall.sh,9,2.0,true,true,true,true,true,false,python_internal_tuned_logic,,,,,,,,
sage_mppi_tuned,36,static_tall_formal_016,tall,true,false,false,false,0.046071924799723864,1.2983100562138807,0.047675159735259154,120,12.300583362579346,8.31974196434021,0.07380869608967244,1.8366555670424782,0.8145239213016668,0.0019304719190380184,nan,nan,nan,SAGE_MPPI,examples/SAGE_MPPI/clean_SAGE/reach_static_ur7e_tall.py,examples/SAGE_MPPI/clean_SAGE/config/ur7e_reacher_gazebo_tall_sage_clean.yml,examples/SAGE_MPPI/clean_SAGE/run_all_reach_static_tall.sh,9,2.0,true,true,true,true,true,false,python_internal_tuned_logic,,,,,,,,
sage_mppi_tuned,37,static_tall_formal_017,tall,true,false,false,false,0.048993815039442175,1.673111426248989,0.0878999940395355,44,14.586910486221313,3.6073288917541504,0.09139742407687874,0.5628577978342745,0.22179090908499216,0.0020066189624747483,nan,nan,nan,SAGE_MPPI,examples/SAGE_MPPI/clean_SAGE/reach_static_ur7e_tall.py,examples/SAGE_MPPI/clean_SAGE/config/ur7e_reacher_gazebo_tall_sage_clean.yml,examples/SAGE_MPPI/clean_SAGE/run_all_reach_static_tall.sh,9,2.0,true,true,true,true,true,false,python_internal_tuned_logic,,,,,,,,
sage_mppi_tuned,38,static_tall_formal_018,tall,true,false,false,false,0.04987451019861751,2.090603321199724,0.04721770604861028,44,6.7368004322052,3.36222505569458,0.0817446320555931,0.5466232336696613,0.29189351080761705,0.0020378258939441002,nan,nan,nan,SAGE_MPPI,examples/SAGE_MPPI/clean_SAGE/reach_static_ur7e_tall.py,examples/SAGE_MPPI/clean_SAGE/config/ur7e_reacher_gazebo_tall_sage_clean.yml,examples/SAGE_MPPI/clean_SAGE/run_all_reach_static_tall.sh,9,2.0,true,true,true,true,true,false,python_internal_tuned_logic,,,,,,,,
sage_mppi_tuned,39,static_tall_formal_019,tall,true,false,false,false,0.04743846059893579,2.6765874827035923,0.0878999940395355,49,7.0413289070129395,2.7320830821990967,0.06240434447924296,0.6245810752320224,0.31043628476209684,0.0025053201662158468,nan,nan,nan,SAGE_MPPI,examples/SAGE_MPPI/clean_SAGE/reach_static_ur7e_tall.py,examples/SAGE_MPPI/clean_SAGE/config/ur7e_reacher_gazebo_tall_sage_clean.yml,examples/SAGE_MPPI/clean_SAGE/run_all_reach_static_tall.sh,9,2.0,true,true,true,true,true,false,python_internal_tuned_logic,,,,,,,,
rrtstar_ompl,40,static_tall_formal_000,tall,true,false,false,false,5.9098503205987104e-09,0.0,0.0878999940395355,33,5.1978185176849365,5.022608280181885,nan,1.6655291526181744,0.3027056591882931,5.519012227798176e-16,true,true,false,OMPL_RRTstar,examples/static_compare/rrtstar_ompl_adapter.py,examples/static_compare/config/static_tall_benchmark.yml,,0,0.0,false,false,false,false,false,false,ompl_joint_space_static_checker,,1.6655291526181744,5.0,0.05,0.05,0.05,5039,161
rrtstar_ompl,41,static_tall_formal_001,tall,true,false,false,false,5.5975976764662945e-09,0.0,0.03510427637164018,56,5.381882667541504,5.074793815612793,nan,2.8224560338724993,0.34121992688952685,7.164743231395829e-16,true,true,false,OMPL_RRTstar,examples/static_compare/rrtstar_ompl_adapter.py,examples/static_compare/config/static_tall_benchmark.yml,,0,0.0,false,false,false,false,false,false,ompl_joint_space_static_checker,,2.8224560338724993,5.0,0.05,0.05,0.05,4784,180
rrtstar_ompl,42,static_tall_formal_002,tall,true,false,false,false,4.1038698580949795e-09,0.0,0.05344308607917676,54,6.739903688430786,5.4737794399261475,nan,2.726375203241268,0.4115043836252636,8.483864094169084e-16,true,true,false,OMPL_RRTstar,examples/static_compare/rrtstar_ompl_adapter.py,examples/static_compare/config/static_tall_benchmark.yml,,0,0.0,false,false,false,false,false,false,ompl_joint_space_static_checker,,2.726375203241268,5.0,0.05,0.05,0.05,1915,75
rrtstar_ompl,43,static_tall_formal_003,tall,true,false,false,false,1.2272775066898352e-09,0.0,0.051735746133327494,32,6.37272310256958,5.397961854934692,nan,1.631381191335283,0.3570976207002673,8.274304354901033e-16,true,true,false,OMPL_RRTstar,examples/static_compare/rrtstar_ompl_adapter.py,examples/static_compare/config/static_tall_benchmark.yml,,0,0.0,false,false,false,false,false,false,ompl_joint_space_static_checker,,1.631381191335283,5.0,0.05,0.05,0.05,947,60
rrtstar_ompl,44,static_tall_formal_004,tall,true,false,false,false,3.8085449347416735e-09,0.0,0.04916442229003386,52,5.379233121871948,5.0672478675842285,nan,2.611619506909701,0.34066861279502697,7.44576573671874e-16,true,true,false,OMPL_RRTstar,examples/static_compare/rrtstar_ompl_adapter.py,examples/static_compare/config/static_tall_benchmark.yml,,0,0.0,false,false,false,false,false,false,ompl_joint_space_static_checker,,2.611619506909701,5.0,0.05,0.05,0.05,3400,115
rrtstar_ompl,45,static_tall_formal_005,tall,true,false,false,false,7.509104321114352e-08,0.0,0.03817003366500142,50,5.230681896209717,5.000405550003052,nan,2.5478719432331536,0.38819175122455746,7.538827798383105e-16,true,true,false,OMPL_RRTstar,examples/static_compare/rrtstar_ompl_adapter.py,examples/static_compare/config/static_tall_benchmark.yml,,0,0.0,false,false,false,false,false,false,ompl_joint_space_static_checker,,2.5478719432331536,5.0,0.05,0.05,0.05,5183,187
rrtstar_ompl,46,static_tall_formal_006,tall,true,false,false,false,5.6316085007046475e-09,0.0,0.0878999940395355,31,5.210822105407715,5.030729532241821,nan,1.5933831696158411,0.27452933855640205,5.510022396025429e-16,true,true,false,OMPL_RRTstar,examples/static_compare/rrtstar_ompl_adapter.py,examples/static_compare/config/static_tall_benchmark.yml,,0,0.0,false,false,false,false,false,false,ompl_joint_space_static_checker,,1.5933831696158411,5.0,0.05,0.05,0.05,5684,265
rrtstar_ompl,47,static_tall_formal_007,tall,true,false,false,false,2.7413709732442707e-08,0.0,0.0878999940395355,20,5.1144514083862305,5.035953760147095,nan,1.005445998746498,0.16629623624895776,6.893703407980148e-16,true,true,false,OMPL_RRTstar,examples/static_compare/rrtstar_ompl_adapter.py,examples/static_compare/config/static_tall_benchmark.yml,,0,0.0,false,false,false,false,false,false,ompl_joint_space_static_checker,,1.005445998746498,5.0,0.05,0.05,0.05,6083,216
rrtstar_ompl,48,static_tall_formal_008,tall,true,false,false,false,4.6971755509191825e-09,0.0,0.044524472257352427,74,5.459773778915405,5.16587233543396,nan,3.7456815119173186,1.587181712479738,8.608166192910106e-16,true,true,false,OMPL_RRTstar,examples/static_compare/rrtstar_ompl_adapter.py,examples/static_compare/config/static_tall_benchmark.yml,,0,0.0,false,false,false,false,false,false,ompl_joint_space_static_checker,,3.7456815119173186,5.0,0.05,0.05,0.05,6563,294
rrtstar_ompl,49,static_tall_formal_009,tall,true,false,false,false,3.6937751644364033e-09,0.0,0.08120531150816723,55,5.257951736450195,5.047617197036743,nan,2.7789618242412764,0.31734705664676427,7.80982443650322e-16,true,true,false,OMPL_RRTstar,examples/static_compare/rrtstar_ompl_adapter.py,examples/static_compare/config/static_tall_benchmark.yml,,0,0.0,false,false,false,false,false,false,ompl_joint_space_static_checker,,2.7789618242412764,5.0,0.05,0.05,0.05,6825,251
rrtstar_ompl,50,static_tall_formal_010,tall,true,false,false,false,5.087879744703468e-09,0.0,0.05809549154755576,30,5.182511568069458,5.052871465682983,nan,1.5161826902980453,0.49956979835287907,5.55618587782726e-16,true,true,false,OMPL_RRTstar,examples/static_compare/rrtstar_ompl_adapter.py,examples/static_compare/config/static_tall_benchmark.yml,,0,0.0,false,false,false,false,false,false,ompl_joint_space_static_checker,,1.5161826902980453,5.0,0.05,0.05,0.05,6731,236
rrtstar_ompl,51,static_tall_formal_011,tall,true,false,false,false,7.116142305298545e-09,0.0,0.04973056071276191,25,5.179423093795776,5.059825420379639,nan,1.279836711965667,0.2571210805876781,5.41072410060081e-16,true,true,false,OMPL_RRTstar,examples/static_compare/rrtstar_ompl_adapter.py,examples/static_compare/config/static_tall_benchmark.yml,,0,0.0,false,false,false,false,false,false,ompl_joint_space_static_checker,,1.279836711965667,5.0,0.05,0.05,0.05,6162,252
rrtstar_ompl,52,static_tall_formal_012,tall,true,false,false,false,1.0867898662838077e-09,0.0,0.05747354574642052,55,5.516121864318848,5.327070474624634,nan,2.791904796573126,0.3350526266243572,6.368982911644443e-16,true,true,false,OMPL_RRTstar,examples/static_compare/rrtstar_ompl_adapter.py,examples/static_compare/config/static_tall_benchmark.yml,,0,0.0,false,false,false,false,false,false,ompl_joint_space_static_checker,,2.791904796573126,5.0,0.05,0.05,0.05,6888,182
rrtstar_ompl,53,static_tall_formal_013,tall,true,false,false,false,5.076997866702681e-09,0.0,0.050398695392944094,36,5.1486077308654785,5.0242156982421875,nan,1.8243737294364926,0.6287752679879922,7.810776600274207e-16,true,true,false,OMPL_RRTstar,examples/static_compare/rrtstar_ompl_adapter.py,examples/static_compare/config/static_tall_benchmark.yml,,0,0.0,false,false,false,false,false,false,ompl_joint_space_static_checker,,1.8243737294364926,5.0,0.05,0.05,0.05,7155,283
rrtstar_ompl,54,static_tall_formal_014,tall,true,false,false,false,6.104608984708267e-09,0.0,0.0878999940395355,52,5.210965156555176,5.029933214187622,nan,2.6312150289772505,0.4055045373338234,7.0352621555624575e-16,true,true,false,OMPL_RRTstar,examples/static_compare/rrtstar_ompl_adapter.py,examples/static_compare/config/static_tall_benchmark.yml,,0,0.0,false,false,false,false,false,false,ompl_joint_space_static_checker,,2.6312150289772505,5.0,0.05,0.05,0.05,7266,361
rrtstar_ompl,55,static_tall_formal_015,tall,true,false,false,false,5.730071277213295e-09,0.0,0.033052194844131036,41,5.180616855621338,5.0401692390441895,nan,2.0765380820487844,0.49628679986877805,5.957093805162815e-16,true,true,false,OMPL_RRTstar,examples/static_compare/rrtstar_ompl_adapter.py,examples/static_compare/config/static_tall_benchmark.yml,,0,0.0,false,false,false,false,false,false,ompl_joint_space_static_checker,,2.0765380820487844,5.0,0.05,0.05,0.05,6944,258
rrtstar_ompl,56,static_tall_formal_016,tall,false,true,false,false,0.6740566750019211,3.989876030910452,0.07065519472967668,44,5.256294012069702,5.102609634399414,nan,2.3275804395685986,0.2925434388679921,6.521225323483221e-16,true,false,true,OMPL_RRTstar,examples/static_compare/rrtstar_ompl_adapter.py,examples/static_compare/config/static_tall_benchmark.yml,,0,0.0,false,false,false,false,false,false,ompl_joint_space_static_checker,OMPL RRTstar returned only an approximate solution within the planning time limit,2.3275804395685986,5.0,0.05,0.05,0.05,7229,308
rrtstar_ompl,57,static_tall_formal_017,tall,true,false,false,false,4.406068192730179e-09,0.0,0.032214420728242946,40,5.338956117630005,5.1992411613464355,nan,2.031003123954385,0.27659446810147004,6.550901829585949e-16,true,true,false,OMPL_RRTstar,examples/static_compare/rrtstar_ompl_adapter.py,examples/static_compare/config/static_tall_benchmark.yml,,0,0.0,false,false,false,false,false,false,ompl_joint_space_static_checker,,2.031003123954385,5.0,0.05,0.05,0.05,7249,431
rrtstar_ompl,58,static_tall_formal_018,tall,true,false,false,false,6.1631661693262515e-09,0.0,0.003951445814133009,43,5.246397495269775,5.100251197814941,nan,2.1618819123974893,0.3332374648714257,6.184424247406324e-16,true,true,false,OMPL_RRTstar,examples/static_compare/rrtstar_ompl_adapter.py,examples/static_compare/config/static_tall_benchmark.yml,,0,0.0,false,false,false,false,false,false,ompl_joint_space_static_checker,,2.1618819123974893,5.0,0.05,0.05,0.05,7117,237
rrtstar_ompl,59,static_tall_formal_019,tall,true,false,false,false,4.517466440696001e-09,0.0,0.0197987691473068,54,5.183342218399048,5.001062393188477,nan,2.7196940326663532,0.35930884496957166,6.068153740910104e-16,true,true,false,OMPL_RRTstar,examples/static_compare/rrtstar_ompl_adapter.py,examples/static_compare/config/static_tall_benchmark.yml,,0,0.0,false,false,false,false,false,false,ompl_joint_space_static_checker,,2.7196940326663532,5.0,0.05,0.05,0.05,7182,339
