method_name,episode_id,target_id,difficulty_tag,scene,success,failure,collision,timeout,final_ee_error,final_joint_error,minimum_safety_margin,steps_to_goal,wall_time,planning_time,control_time_mean,trajectory_length_joint,trajectory_length_ee,smoothness_jerk,rrtstar_available,rrtstar_exact_solution,rrtstar_approximate_solution,controller_class,controller_entrypoint,config_path,tuned_reference_script,target_publish_count,target_publish_duration,uses_clean_controller,uses_native_margin,deployment_refinement_enabled,local_refinement_enabled,margin_fallback,target_not_available,backend,skipped_reason,path_length_joint,planning_time_limit,goal_bias,interpolation_resolution,collision_check_resolution,number_of_validity_checks,number_of_invalid_states
rrtstar_ompl,0,static_tall_formal_v2_000,hard_reach,tall,true,false,false,false,5.7375824028860455e-09,0.0,0.04537529464364056,38,20.15104866027832,20.01327681541443,nan,1.910092764180434,0.48287434642680344,6.460108863194459e-16,true,true,false,OMPL_RRTstar,examples/static_compare/rrtstar_ompl_adapter.py,examples/static_compare/config/static_tall_benchmark.yml,,0,0.0,false,false,false,false,false,false,ompl_joint_space_static_checker,,1.910092764180434,20.0,0.05,0.05,0.05,29518,951
rrtstar_ompl,1,static_tall_formal_v2_001,hard_reach,tall,true,false,false,false,2.004210309478401e-08,0.0,0.04467658097635131,60,20.275217533111572,20.086875200271606,nan,3.009594801062921,0.45253569138919997,7.811927349441784e-16,true,true,false,OMPL_RRTstar,examples/static_compare/rrtstar_ompl_adapter.py,examples/static_compare/config/static_tall_benchmark.yml,,0,0.0,false,false,false,false,false,false,ompl_joint_space_static_checker,,3.009594801062921,20.0,0.05,0.05,0.05,30006,1126
rrtstar_ompl,2,static_tall_formal_v2_002,easy,tall,true,false,false,false,1.963281947276158e-07,0.0,0.0878999940395355,25,20.118858337402344,20.0357563495636,nan,1.2675317246068678,0.2908033240269911,5.705284724854833e-16,true,true,false,OMPL_RRTstar,examples/static_compare/rrtstar_ompl_adapter.py,examples/static_compare/config/static_tall_benchmark.yml,,0,0.0,false,false,false,false,false,false,ompl_joint_space_static_checker,,1.2675317246068678,20.0,0.05,0.05,0.05,29689,1009
rrtstar_ompl,3,static_tall_formal_v2_003,near_obstacle,tall,true,false,false,false,5.717024316460093e-09,0.0,0.05025564024203377,56,20.22184681892395,20.04669761657715,nan,2.8235922379741702,0.8014214328678443,6.263097546304814e-16,true,true,false,OMPL_RRTstar,examples/static_compare/rrtstar_ompl_adapter.py,examples/static_compare/config/static_tall_benchmark.yml,,0,0.0,false,false,false,false,false,false,ompl_joint_space_static_checker,,2.8235922379741702,20.0,0.05,0.05,0.05,29670,1034
rrtstar_ompl,4,static_tall_formal_v2_004,near_obstacle,tall,true,false,false,false,6.868865022382846e-09,0.0,0.04749654944905235,70,20.2336208820343,20.014662265777588,nan,3.5201094488375597,1.0614043928240648,8.654779023715281e-16,true,true,false,OMPL_RRTstar,examples/static_compare/rrtstar_ompl_adapter.py,examples/static_compare/config/static_tall_benchmark.yml,,0,0.0,false,false,false,false,false,false,ompl_joint_space_static_checker,,3.5201094488375597,20.0,0.05,0.05,0.05,29939,1142
rrtstar_ompl,5,static_tall_formal_v2_005,hard_reach,tall,true,false,false,false,5.994158953738012e-09,0.0,0.013939152453402472,41,20.132845401763916,20.003554821014404,nan,2.067215404551409,0.4203925101973377,5.207192797127168e-16,true,true,false,OMPL_RRTstar,examples/static_compare/rrtstar_ompl_adapter.py,examples/static_compare/config/static_tall_benchmark.yml,,0,0.0,false,false,false,false,false,false,ompl_joint_space_static_checker,,2.067215404551409,20.0,0.05,0.05,0.05,29675,860
rrtstar_ompl,6,static_tall_formal_v2_006,near_obstacle,tall,true,false,false,false,6.784260474788399e-09,0.0,0.07780226341128808,83,20.292721033096313,20.030171155929565,nan,4.187213925321688,1.8313620836965143,9.708230984532874e-16,true,true,false,OMPL_RRTstar,examples/static_compare/rrtstar_ompl_adapter.py,examples/static_compare/config/static_tall_benchmark.yml,,0,0.0,false,false,false,false,false,false,ompl_joint_space_static_checker,,4.187213925321688,20.0,0.05,0.05,0.05,29912,1153
rrtstar_ompl,7,static_tall_formal_v2_007,easy,tall,true,false,false,false,1.8730801558092695e-08,0.0,0.0878999940395355,60,20.259119510650635,20.066868543624878,nan,3.0211850362256096,0.23807365927463944,7.086054450215556e-16,true,true,false,OMPL_RRTstar,examples/static_compare/rrtstar_ompl_adapter.py,examples/static_compare/config/static_tall_benchmark.yml,,0,0.0,false,false,false,false,false,false,ompl_joint_space_static_checker,,3.0211850362256096,20.0,0.05,0.05,0.05,29776,887
rrtstar_ompl,8,static_tall_formal_v2_008,hard_reach,tall,true,false,false,false,5.740591718047194e-09,0.0,0.04771007847579389,39,20.407612085342407,20.283769607543945,nan,1.9926170945405948,0.6500892145663402,7.43133105763051e-16,true,true,false,OMPL_RRTstar,examples/static_compare/rrtstar_ompl_adapter.py,examples/static_compare/config/static_tall_benchmark.yml,,0,0.0,false,false,false,false,false,false,ompl_joint_space_static_checker,,1.9926170945405948,20.0,0.05,0.05,0.05,30208,1139
rrtstar_ompl,9,static_tall_formal_v2_009,around_tall_obstacle,tall,true,false,false,false,2.850531725571701e-09,0.0,0.04332640460729603,48,20.22970151901245,20.078005075454712,nan,2.403603410370309,0.3414191350889575,8.263968194439255e-16,true,true,false,OMPL_RRTstar,examples/static_compare/rrtstar_ompl_adapter.py,examples/static_compare/config/static_tall_benchmark.yml,,0,0.0,false,false,false,false,false,false,ompl_joint_space_static_checker,,2.403603410370309,20.0,0.05,0.05,0.05,29416,1190
rrtstar_ompl,10,static_tall_formal_v2_010,near_obstacle,tall,true,false,false,false,5.947852304190299e-09,0.0,0.06233767970097523,39,20.36316156387329,20.238142013549805,nan,1.9654337517882725,0.32764732227614896,6.716532559069306e-16,true,true,false,OMPL_RRTstar,examples/static_compare/rrtstar_ompl_adapter.py,examples/static_compare/config/static_tall_benchmark.yml,,0,0.0,false,false,false,false,false,false,ompl_joint_space_static_checker,,1.9654337517882725,20.0,0.05,0.05,0.05,29345,928
rrtstar_ompl,11,static_tall_formal_v2_011,easy,tall,true,false,false,false,4.569312326581221e-09,0.0,0.0878999940395355,37,20.2494215965271,20.132568836212158,nan,1.8970168246308405,0.18092359510210096,6.461345533514231e-16,true,true,false,OMPL_RRTstar,examples/static_compare/rrtstar_ompl_adapter.py,examples/static_compare/config/static_tall_benchmark.yml,,0,0.0,false,false,false,false,false,false,ompl_joint_space_static_checker,,1.8970168246308405,20.0,0.05,0.05,0.05,29695,889
rrtstar_ompl,12,static_tall_formal_v2_012,easy,tall,true,false,false,false,4.293888389421157e-09,0.0,0.0878999940395355,57,20.230981588363647,20.050371170043945,nan,2.896446122376209,0.06301428012076854,7.446590594687609e-16,true,true,false,OMPL_RRTstar,examples/static_compare/rrtstar_ompl_adapter.py,examples/static_compare/config/static_tall_benchmark.yml,,0,0.0,false,false,false,false,false,false,ompl_joint_space_static_checker,,2.896446122376209,20.0,0.05,0.05,0.05,29807,1013
rrtstar_ompl,13,static_tall_formal_v2_013,hard_reach,tall,true,false,false,false,3.5146277726232735e-09,0.0,0.013616786703728852,44,20.201693058013916,20.06150794029236,nan,2.2415064444519066,0.43053553638090286,7.338273651730132e-16,true,true,false,OMPL_RRTstar,examples/static_compare/rrtstar_ompl_adapter.py,examples/static_compare/config/static_tall_benchmark.yml,,0,0.0,false,false,false,false,false,false,ompl_joint_space_static_checker,,2.2415064444519066,20.0,0.05,0.05,0.05,29791,1047
rrtstar_ompl,14,static_tall_formal_v2_014,easy,tall,true,false,false,false,3.33091644877342e-09,0.0,0.0878999940395355,25,20.139830589294434,20.05892038345337,nan,1.2799431043601746,0.24885293890647486,6.995625656731712e-16,true,true,false,OMPL_RRTstar,examples/static_compare/rrtstar_ompl_adapter.py,examples/static_compare/config/static_tall_benchmark.yml,,0,0.0,false,false,false,false,false,false,ompl_joint_space_static_checker,,1.2799431043601746,20.0,0.05,0.05,0.05,29206,1039
rrtstar_ompl,15,static_tall_formal_v2_015,hard_reach,tall,true,false,false,false,6.4758912853450426e-09,0.0,0.017549631840753643,58,20.300914764404297,20.091941833496094,nan,5.707826082342603,0.7142884278308735,0.006139769121284003,true,true,false,OMPL_RRTstar,examples/static_compare/rrtstar_ompl_adapter.py,examples/static_compare/config/static_tall_benchmark.yml,,0,0.0,false,false,false,false,false,false,ompl_joint_space_static_checker,,5.707826082342603,20.0,0.05,0.05,0.05,29782,1097
rrtstar_ompl,16,static_tall_formal_v2_016,near_obstacle,tall,true,false,false,false,3.3521060727335358e-09,0.0,0.05554640895832083,60,20.30351185798645,20.113627433776855,nan,3.049859512733159,1.251806500451877,6.923627643999733e-16,true,true,false,OMPL_RRTstar,examples/static_compare/rrtstar_ompl_adapter.py,examples/static_compare/config/static_tall_benchmark.yml,,0,0.0,false,false,false,false,false,false,ompl_joint_space_static_checker,,3.049859512733159,20.0,0.05,0.05,0.05,29889,988
rrtstar_ompl,17,static_tall_formal_v2_017,hard_reach,tall,true,false,false,false,3.3337404651439935e-09,0.0,0.011966496253013631,55,20.26543140411377,20.091779232025146,nan,2.753658973564303,0.4369764810620862,7.02076452619674e-16,true,true,false,OMPL_RRTstar,examples/static_compare/rrtstar_ompl_adapter.py,examples/static_compare/config/static_tall_benchmark.yml,,0,0.0,false,false,false,false,false,false,ompl_joint_space_static_checker,,2.753658973564303,20.0,0.05,0.05,0.05,29926,1081
rrtstar_ompl,18,static_tall_formal_v2_018,near_obstacle,tall,true,false,false,false,5.257803462786277e-09,0.0,0.07299234879233835,27,20.16508388519287,20.078578233718872,nan,1.3768614686183431,0.2330005859932891,7.83913875830091e-16,true,true,false,OMPL_RRTstar,examples/static_compare/rrtstar_ompl_adapter.py,examples/static_compare/config/static_tall_benchmark.yml,,0,0.0,false,false,false,false,false,false,ompl_joint_space_static_checker,,1.3768614686183431,20.0,0.05,0.05,0.05,29749,1052
rrtstar_ompl,19,static_tall_formal_v2_019,easy,tall,true,false,false,false,3.0984753009117826e-09,0.0,0.0878999940395355,58,20.87326693534851,20.69086265563965,nan,2.9017043387252413,0.4399057846191865,7.10517970841487e-16,true,true,false,OMPL_RRTstar,examples/static_compare/rrtstar_ompl_adapter.py,examples/static_compare/config/static_tall_benchmark.yml,,0,0.0,false,false,false,false,false,false,ompl_joint_space_static_checker,,2.9017043387252413,20.0,0.05,0.05,0.05,30806,1021
rrtstar_ompl,20,static_tall_formal_v2_020,near_obstacle,tall,true,false,false,false,3.7368416820939566e-09,0.0,0.05125295542882094,82,20.26626682281494,20.000272750854492,nan,4.109812485875261,1.1748221496748166,8.371367681328407e-16,true,true,false,OMPL_RRTstar,examples/static_compare/rrtstar_ompl_adapter.py,examples/static_compare/config/static_tall_benchmark.yml,,0,0.0,false,false,false,false,false,false,ompl_joint_space_static_checker,,4.109812485875261,20.0,0.05,0.05,0.05,29067,978
rrtstar_ompl,21,static_tall_formal_v2_021,near_obstacle,tall,true,false,false,false,5.891355959799207e-09,0.0,0.07084122658759166,63,20.376115322113037,20.17698645591736,nan,3.1861872432923515,1.7783398608370449,6.888614273501687e-16,true,true,false,OMPL_RRTstar,examples/static_compare/rrtstar_ompl_adapter.py,examples/static_compare/config/static_tall_benchmark.yml,,0,0.0,false,false,false,false,false,false,ompl_joint_space_static_checker,,3.1861872432923515,20.0,0.05,0.05,0.05,29885,781
rrtstar_ompl,22,static_tall_formal_v2_022,near_obstacle,tall,true,false,false,false,5.277410865618064e-09,0.0,0.05281885509190029,63,20.516250133514404,20.317262887954712,nan,3.159657299057419,1.1783528525185032,8.028942646713814e-16,true,true,false,OMPL_RRTstar,examples/static_compare/rrtstar_ompl_adapter.py,examples/static_compare/config/static_tall_benchmark.yml,,0,0.0,false,false,false,false,false,false,ompl_joint_space_static_checker,,3.159657299057419,20.0,0.05,0.05,0.05,30024,1027
rrtstar_ompl,23,static_tall_formal_v2_023,hard_reach,tall,true,false,false,false,5.845593743915621e-09,0.0,0.017473226187482385,54,20.26093292236328,20.089613437652588,nan,2.7459743790263698,0.22987825698988945,8.318502782954624e-16,true,true,false,OMPL_RRTstar,examples/static_compare/rrtstar_ompl_adapter.py,examples/static_compare/config/static_tall_benchmark.yml,,0,0.0,false,false,false,false,false,false,ompl_joint_space_static_checker,,2.7459743790263698,20.0,0.05,0.05,0.05,29926,1028
rrtstar_ompl,24,static_tall_formal_v2_024,easy,tall,true,false,false,false,3.6906332246901418e-09,0.0,0.0878999940395355,39,20.269466161727905,20.145549297332764,nan,1.9690172892284417,0.3111810767852126,7.235737541699354e-16,true,true,false,OMPL_RRTstar,examples/static_compare/rrtstar_ompl_adapter.py,examples/static_compare/config/static_tall_benchmark.yml,,0,0.0,false,false,false,false,false,false,ompl_joint_space_static_checker,,1.9690172892284417,20.0,0.05,0.05,0.05,29953,985
rrtstar_ompl,25,static_tall_formal_v2_025,near_obstacle,tall,true,false,false,false,1.571455785399413e-08,0.0,0.07806623984648836,62,20.356182098388672,20.15266728401184,nan,3.1461198837184816,0.25904351523596864,8.196625280936053e-16,true,true,false,OMPL_RRTstar,examples/static_compare/rrtstar_ompl_adapter.py,examples/static_compare/config/static_tall_benchmark.yml,,0,0.0,false,false,false,false,false,false,ompl_joint_space_static_checker,,3.1461198837184816,20.0,0.05,0.05,0.05,29629,835
rrtstar_ompl,26,static_tall_formal_v2_026,hard_reach,tall,true,false,false,false,4.607117688147493e-09,0.0,0.036666373222076415,55,20.256478548049927,20.081442832946777,nan,2.7502603885148296,0.8306217775287227,6.038421281481367e-16,true,true,false,OMPL_RRTstar,examples/static_compare/rrtstar_ompl_adapter.py,examples/static_compare/config/static_tall_benchmark.yml,,0,0.0,false,false,false,false,false,false,ompl_joint_space_static_checker,,2.7502603885148296,20.0,0.05,0.05,0.05,29391,1158
rrtstar_ompl,27,static_tall_formal_v2_027,near_obstacle,tall,true,false,false,false,2.248414347438829e-09,0.0,0.07959661070687962,44,20.160699129104614,20.019251823425293,nan,2.2174813098720807,0.32257878725756683,5.748937538319976e-16,true,true,false,OMPL_RRTstar,examples/static_compare/rrtstar_ompl_adapter.py,examples/static_compare/config/static_tall_benchmark.yml,,0,0.0,false,false,false,false,false,false,ompl_joint_space_static_checker,,2.2174813098720807,20.0,0.05,0.05,0.05,29802,936
rrtstar_ompl,28,static_tall_formal_v2_028,easy,tall,true,false,false,false,6.0937112277176275e-09,0.0,0.0878999940395355,73,20.249073028564453,20.017674446105957,nan,3.6669939550514474,1.5080536964027054,7.224587046424546e-16,true,true,false,OMPL_RRTstar,examples/static_compare/rrtstar_ompl_adapter.py,examples/static_compare/config/static_tall_benchmark.yml,,0,0.0,false,false,false,false,false,false,ompl_joint_space_static_checker,,3.6669939550514474,20.0,0.05,0.05,0.05,29908,1025
rrtstar_ompl,29,static_tall_formal_v2_029,near_obstacle,tall,true,false,false,false,6.319972378267246e-09,0.0,0.055251363309818724,38,20.20162343978882,20.078349590301514,nan,1.9400640895859669,0.5288936986973268,5.702064047137586e-16,true,true,false,OMPL_RRTstar,examples/static_compare/rrtstar_ompl_adapter.py,examples/static_compare/config/static_tall_benchmark.yml,,0,0.0,false,false,false,false,false,false,ompl_joint_space_static_checker,,1.9400640895859669,20.0,0.05,0.05,0.05,29897,1128
rrtstar_ompl,30,static_tall_formal_v2_030,hard_reach,tall,true,false,false,false,3.4190217260971105e-09,0.0,0.04107526175034397,78,20.37128710746765,20.125961542129517,nan,3.9292886350454115,1.870669686567116,8.411678388382214e-16,true,true,false,OMPL_RRTstar,examples/static_compare/rrtstar_ompl_adapter.py,examples/static_compare/config/static_tall_benchmark.yml,,0,0.0,false,false,false,false,false,false,ompl_joint_space_static_checker,,3.9292886350454115,20.0,0.05,0.05,0.05,29938,863
rrtstar_ompl,31,static_tall_formal_v2_031,near_obstacle,tall,true,false,false,false,6.885861162457353e-09,0.0,0.05553546075435033,32,20.2003231048584,20.098784685134888,nan,1.647373002583639,0.3960116568078902,5.461982967917626e-16,true,true,false,OMPL_RRTstar,examples/static_compare/rrtstar_ompl_adapter.py,examples/static_compare/config/static_tall_benchmark.yml,,0,0.0,false,false,false,false,false,false,ompl_joint_space_static_checker,,1.647373002583639,20.0,0.05,0.05,0.05,29935,1175
rrtstar_ompl,32,static_tall_formal_v2_032,around_tall_obstacle,tall,true,false,false,false,3.6820911320746744e-09,0.0,0.03836300155519655,24,20.216702222824097,20.137988805770874,nan,1.2456022744231818,0.3435491085230564,5.51241364043128e-16,true,true,false,OMPL_RRTstar,examples/static_compare/rrtstar_ompl_adapter.py,examples/static_compare/config/static_tall_benchmark.yml,,0,0.0,false,false,false,false,false,false,ompl_joint_space_static_checker,,1.2456022744231818,20.0,0.05,0.05,0.05,29725,998
rrtstar_ompl,33,static_tall_formal_v2_033,near_obstacle,tall,true,false,false,false,3.4561146659004092e-09,0.0,0.07368752712703296,48,20.39872646331787,20.246017456054688,nan,2.400985432956466,0.42116844872283654,5.756286505875738e-16,true,true,false,OMPL_RRTstar,examples/static_compare/rrtstar_ompl_adapter.py,examples/static_compare/config/static_tall_benchmark.yml,,0,0.0,false,false,false,false,false,false,ompl_joint_space_static_checker,,2.400985432956466,20.0,0.05,0.05,0.05,30167,1070
rrtstar_ompl,34,static_tall_formal_v2_034,easy,tall,true,false,false,false,3.354785132988778e-09,0.0,0.0878999940395355,50,20.16514825820923,20.006899118423462,nan,2.515369278872439,0.23467405414658318,6.937743585320347e-16,true,true,false,OMPL_RRTstar,examples/static_compare/rrtstar_ompl_adapter.py,examples/static_compare/config/static_tall_benchmark.yml,,0,0.0,false,false,false,false,false,false,ompl_joint_space_static_checker,,2.515369278872439,20.0,0.05,0.05,0.05,29352,882
rrtstar_ompl,35,static_tall_formal_v2_035,around_tall_obstacle,tall,true,false,false,false,3.4266746853816452e-09,0.0,0.024836987397772653,44,20.222594499588013,20.082333087921143,nan,2.240552748304294,0.5069626923607292,4.662547226072288e-16,true,true,false,OMPL_RRTstar,examples/static_compare/rrtstar_ompl_adapter.py,examples/static_compare/config/static_tall_benchmark.yml,,0,0.0,false,false,false,false,false,false,ompl_joint_space_static_checker,,2.240552748304294,20.0,0.05,0.05,0.05,29623,740
rrtstar_ompl,36,static_tall_formal_v2_036,near_obstacle,tall,true,false,false,false,3.3826578228287643e-09,0.0,0.05552052481810485,66,20.245784282684326,20.038155555725098,nan,3.3434237789140506,1.3704570484740675,6.184846981407969e-16,true,true,false,OMPL_RRTstar,examples/static_compare/rrtstar_ompl_adapter.py,examples/static_compare/config/static_tall_benchmark.yml,,0,0.0,false,false,false,false,false,false,ompl_joint_space_static_checker,,3.3434237789140506,20.0,0.05,0.05,0.05,29971,1131
rrtstar_ompl,37,static_tall_formal_v2_037,around_tall_obstacle,tall,true,false,false,false,6.131267005750777e-09,0.0,0.031042771111016443,29,20.234858751296997,20.14123249053955,nan,1.4852196843147358,0.4205967518807936,7.616078274277757e-16,true,true,false,OMPL_RRTstar,examples/static_compare/rrtstar_ompl_adapter.py,examples/static_compare/config/static_tall_benchmark.yml,,0,0.0,false,false,false,false,false,false,ompl_joint_space_static_checker,,1.4852196843147358,20.0,0.05,0.05,0.05,29900,1114
rrtstar_ompl,38,static_tall_formal_v2_038,easy,tall,true,false,false,false,7.640956290612122e-09,0.0,0.0878999940395355,21,20.220617532730103,20.152278184890747,nan,1.0828105618729829,0.03473299160822123,5.592983261191129e-16,true,true,false,OMPL_RRTstar,examples/static_compare/rrtstar_ompl_adapter.py,examples/static_compare/config/static_tall_benchmark.yml,,0,0.0,false,false,false,false,false,false,ompl_joint_space_static_checker,,1.0828105618729829,20.0,0.05,0.05,0.05,29854,879
rrtstar_ompl,39,static_tall_formal_v2_039,hard_reach,tall,true,false,false,false,1.4746737505211324e-08,0.0,0.02209301267439405,47,20.206072092056274,20.055808544158936,nan,2.3886383199050947,0.8668427414611142,6.037918185536261e-16,true,true,false,OMPL_RRTstar,examples/static_compare/rrtstar_ompl_adapter.py,examples/static_compare/config/static_tall_benchmark.yml,,0,0.0,false,false,false,false,false,false,ompl_joint_space_static_checker,,2.3886383199050947,20.0,0.05,0.05,0.05,29740,1141
rrtstar_ompl,40,static_tall_formal_v2_040,hard_reach,tall,true,false,false,false,4.2001385322740264e-09,0.0,0.05060902980118989,39,20.205639600753784,20.083042860031128,nan,1.9604838288413091,0.4994044795395849,5.095695446186711e-16,true,true,false,OMPL_RRTstar,examples/static_compare/rrtstar_ompl_adapter.py,examples/static_compare/config/static_tall_benchmark.yml,,0,0.0,false,false,false,false,false,false,ompl_joint_space_static_checker,,1.9604838288413091,20.0,0.05,0.05,0.05,29992,1206
rrtstar_ompl,41,static_tall_formal_v2_041,hard_reach,tall,true,false,false,false,6.679535413979275e-09,0.0,0.05159951977947844,50,20.2402925491333,20.005717039108276,nan,8.22657036343823,3.463983299201008,0.013154209859235664,true,true,false,OMPL_RRTstar,examples/static_compare/rrtstar_ompl_adapter.py,examples/static_compare/config/static_tall_benchmark.yml,,0,0.0,false,false,false,false,false,false,ompl_joint_space_static_checker,,8.22657036343823,20.0,0.05,0.05,0.05,29692,1062
rrtstar_ompl,42,static_tall_formal_v2_042,around_tall_obstacle,tall,true,false,false,false,7.157340456437612e-09,0.0,0.05152679395839597,36,20.42347478866577,20.309250116348267,nan,1.8346002055955037,0.3949256339495066,7.684050725315776e-16,true,true,false,OMPL_RRTstar,examples/static_compare/rrtstar_ompl_adapter.py,examples/static_compare/config/static_tall_benchmark.yml,,0,0.0,false,false,false,false,false,false,ompl_joint_space_static_checker,,1.8346002055955037,20.0,0.05,0.05,0.05,30203,964
rrtstar_ompl,43,static_tall_formal_v2_043,hard_reach,tall,true,false,false,false,4.251753128741608e-09,0.0,0.020964221721815363,76,20.26041054725647,20.02338695526123,nan,3.8479121288958353,1.5432252700783797,6.273429078318851e-16,true,true,false,OMPL_RRTstar,examples/static_compare/rrtstar_ompl_adapter.py,examples/static_compare/config/static_tall_benchmark.yml,,0,0.0,false,false,false,false,false,false,ompl_joint_space_static_checker,,3.8479121288958353,20.0,0.05,0.05,0.05,30116,1005
rrtstar_ompl,44,static_tall_formal_v2_044,hard_reach,tall,true,false,false,false,5.063598499709089e-09,0.0,0.03393645301533009,45,20.277074337005615,20.130826950073242,nan,2.288991467244671,0.5049499609228484,6.606577818144731e-16,true,true,false,OMPL_RRTstar,examples/static_compare/rrtstar_ompl_adapter.py,examples/static_compare/config/static_tall_benchmark.yml,,0,0.0,false,false,false,false,false,false,ompl_joint_space_static_checker,,2.288991467244671,20.0,0.05,0.05,0.05,29660,1068
rrtstar_ompl,45,static_tall_formal_v2_045,around_tall_obstacle,tall,true,false,false,false,3.686654334711044e-08,0.0,0.033314374135434616,29,20.241982460021973,20.14638090133667,nan,1.474026948169092,0.42428231600714755,5.589859935839334e-16,true,true,false,OMPL_RRTstar,examples/static_compare/rrtstar_ompl_adapter.py,examples/static_compare/config/static_tall_benchmark.yml,,0,0.0,false,false,false,false,false,false,ompl_joint_space_static_checker,,1.474026948169092,20.0,0.05,0.05,0.05,29131,1058
rrtstar_ompl,46,static_tall_formal_v2_046,around_tall_obstacle,tall,true,false,false,false,1.2150734214725708e-07,0.0,0.036919602259627454,55,20.238821268081665,20.06012773513794,nan,2.7520183042005377,0.3482642236595612,5.413789033812524e-16,true,true,false,OMPL_RRTstar,examples/static_compare/rrtstar_ompl_adapter.py,examples/static_compare/config/static_tall_benchmark.yml,,0,0.0,false,false,false,false,false,false,ompl_joint_space_static_checker,,2.7520183042005377,20.0,0.05,0.05,0.05,29179,1167
rrtstar_ompl,47,static_tall_formal_v2_047,around_tall_obstacle,tall,true,false,false,false,5.663968423413584e-09,0.0,0.02927458171078405,24,20.086005926132202,20.00832748413086,nan,1.2095703437251906,0.43963511192973115,5.537419250183397e-16,true,true,false,OMPL_RRTstar,examples/static_compare/rrtstar_ompl_adapter.py,examples/static_compare/config/static_tall_benchmark.yml,,0,0.0,false,false,false,false,false,false,ompl_joint_space_static_checker,,1.2095703437251906,20.0,0.05,0.05,0.05,29075,900
rrtstar_ompl,48,static_tall_formal_v2_048,around_tall_obstacle,tall,true,false,false,false,7.052797818436615e-09,0.0,0.05297064651493849,55,20.257081508636475,20.08496856689453,nan,2.7858017855209867,0.4357577638432886,5.994737959594294e-16,true,true,false,OMPL_RRTstar,examples/static_compare/rrtstar_ompl_adapter.py,examples/static_compare/config/static_tall_benchmark.yml,,0,0.0,false,false,false,false,false,false,ompl_joint_space_static_checker,,2.7858017855209867,20.0,0.05,0.05,0.05,30051,1009
rrtstar_ompl,49,static_tall_formal_v2_049,around_tall_obstacle,tall,true,false,false,false,3.9790187992973595e-09,0.0,0.04065704966236452,36,20.217577695846558,20.102938890457153,nan,1.8168551879018902,0.24790041046881067,7.065684207062861e-16,true,true,false,OMPL_RRTstar,examples/static_compare/rrtstar_ompl_adapter.py,examples/static_compare/config/static_tall_benchmark.yml,,0,0.0,false,false,false,false,false,false,ompl_joint_space_static_checker,,1.8168551879018902,20.0,0.05,0.05,0.05,29971,978
rrtstar_ompl,50,static_tall_formal_v2_050,around_tall_obstacle,tall,true,false,false,false,2.857381750870315e-09,0.0,0.029406238138667815,30,20.180943489074707,20.081231355667114,nan,1.5430402142761865,0.31588378436068204,7.327974597941946e-16,true,true,false,OMPL_RRTstar,examples/static_compare/rrtstar_ompl_adapter.py,examples/static_compare/config/static_tall_benchmark.yml,,0,0.0,false,false,false,false,false,false,ompl_joint_space_static_checker,,1.5430402142761865,20.0,0.05,0.05,0.05,29148,845
rrtstar_ompl,51,static_tall_formal_v2_051,around_tall_obstacle,tall,true,false,false,false,4.602635419977546e-09,0.0,0.04344466509227228,36,20.195364952087402,20.076382875442505,nan,1.8091703939047303,0.2624821556847529,6.371267348304495e-16,true,true,false,OMPL_RRTstar,examples/static_compare/rrtstar_ompl_adapter.py,examples/static_compare/config/static_tall_benchmark.yml,,0,0.0,false,false,false,false,false,false,ompl_joint_space_static_checker,,1.8091703939047303,20.0,0.05,0.05,0.05,29669,1064
rrtstar_ompl,52,static_tall_formal_v2_052,around_tall_obstacle,tall,true,false,false,false,4.411219339716406e-09,0.0,0.04305491124246913,41,20.20817732810974,20.077861785888672,nan,2.0726199077161125,0.4167913101002803,7.771680328930339e-16,true,true,false,OMPL_RRTstar,examples/static_compare/rrtstar_ompl_adapter.py,examples/static_compare/config/static_tall_benchmark.yml,,0,0.0,false,false,false,false,false,false,ompl_joint_space_static_checker,,2.0726199077161125,20.0,0.05,0.05,0.05,29845,1107
rrtstar_ompl,53,static_tall_formal_v2_053,around_tall_obstacle,tall,true,false,false,false,3.3835570138095348e-09,0.0,0.05490621134705556,50,20.264273166656494,20.107412338256836,nan,2.515860433433102,0.20369161517497314,5.142429354778545e-16,true,true,false,OMPL_RRTstar,examples/static_compare/rrtstar_ompl_adapter.py,examples/static_compare/config/static_tall_benchmark.yml,,0,0.0,false,false,false,false,false,false,ompl_joint_space_static_checker,,2.515860433433102,20.0,0.05,0.05,0.05,30166,1058
rrtstar_ompl,54,static_tall_formal_v2_054,around_tall_obstacle,tall,true,false,false,false,4.87801400870971e-09,0.0,0.02331719917920759,62,20.249415397644043,20.046793937683105,nan,3.126953095032138,0.5855772359200925,6.493869982416774e-16,true,true,false,OMPL_RRTstar,examples/static_compare/rrtstar_ompl_adapter.py,examples/static_compare/config/static_tall_benchmark.yml,,0,0.0,false,false,false,false,false,false,ompl_joint_space_static_checker,,3.126953095032138,20.0,0.05,0.05,0.05,29915,1054
rrtstar_ompl,55,static_tall_formal_v2_055,around_tall_obstacle,tall,true,false,false,false,6.252903255710154e-09,0.0,0.024009821685560373,32,20.116597890853882,20.01227903366089,nan,1.632847902972403,0.6674295075453769,6.87356245673837e-16,true,true,false,OMPL_RRTstar,examples/static_compare/rrtstar_ompl_adapter.py,examples/static_compare/config/static_tall_benchmark.yml,,0,0.0,false,false,false,false,false,false,ompl_joint_space_static_checker,,1.632847902972403,20.0,0.05,0.05,0.05,29763,954
rrtstar_ompl,56,static_tall_formal_v2_056,around_tall_obstacle,tall,true,false,false,false,2.6984649415558556e-08,0.0,0.0319639978311494,30,20.231440782546997,20.135257959365845,nan,1.5302603449131276,0.4094488076157827,6.173441979975324e-16,true,true,false,OMPL_RRTstar,examples/static_compare/rrtstar_ompl_adapter.py,examples/static_compare/config/static_tall_benchmark.yml,,0,0.0,false,false,false,false,false,false,ompl_joint_space_static_checker,,1.5302603449131276,20.0,0.05,0.05,0.05,29872,1175
rrtstar_ompl,57,static_tall_formal_v2_057,around_tall_obstacle,tall,true,false,false,false,4.919599423801163e-09,0.0,0.02731871744815363,24,20.102415323257446,20.025296211242676,nan,1.203754060658377,0.3895470502859614,8.100308781747655e-16,true,true,false,OMPL_RRTstar,examples/static_compare/rrtstar_ompl_adapter.py,examples/static_compare/config/static_tall_benchmark.yml,,0,0.0,false,false,false,false,false,false,ompl_joint_space_static_checker,,1.203754060658377,20.0,0.05,0.05,0.05,29639,978
rrtstar_ompl,58,static_tall_formal_v2_058,around_tall_obstacle,tall,true,false,false,false,5.767228290303704e-09,0.0,0.04568226864933177,26,20.161004543304443,20.077056169509888,nan,1.317530458933439,0.4271920141875778,5.766962540070738e-16,true,true,false,OMPL_RRTstar,examples/static_compare/rrtstar_ompl_adapter.py,examples/static_compare/config/static_tall_benchmark.yml,,0,0.0,false,false,false,false,false,false,ompl_joint_space_static_checker,,1.317530458933439,20.0,0.05,0.05,0.05,29812,1155
rrtstar_ompl,59,static_tall_formal_v2_059,around_tall_obstacle,tall,true,false,false,false,4.853886495154761e-09,0.0,0.02638454570362292,34,20.14815902709961,20.03638243675232,nan,1.7150609755166228,0.603635394226834,6.041643570188076e-16,true,true,false,OMPL_RRTstar,examples/static_compare/rrtstar_ompl_adapter.py,examples/static_compare/config/static_tall_benchmark.yml,,0,0.0,false,false,false,false,false,false,ompl_joint_space_static_checker,,1.7150609755166228,20.0,0.05,0.05,0.05,29312,1018
