pair_id,benchmark_seed,target_id,difficulty_tag,storm_success,sage_success,wall_time_storm,wall_time_sage,faster_winner,final_ee_error_storm,final_ee_error_sage,final_error_winner,minimum_safety_margin_storm,minimum_safety_margin_sage,minimum_margin_winner,trajectory_length_ee_storm,trajectory_length_ee_sage,trajectory_length_ee_winner,trajectory_length_joint_storm,trajectory_length_joint_sage,trajectory_length_joint_winner
0:sage44_manual_static_tall_002,0,sage44_manual_static_tall_002,manual_grid,True,True,11.30990195274353,11.208122968673706,sage,0.009819916565559,0.0090563859916133,sage,0.0166247692961867,0.0380671596555875,sage,0.9838220028808624,0.8942629331300095,sage,4.024213175779561,1.647533054269563,sage
0:sage44_manual_static_tall_003,0,sage44_manual_static_tall_003,manual_grid,True,True,11.206074953079224,8.782914876937866,sage,0.0099479311329687,0.0092778724854285,sage,0.0200251052602442,0.0434917373892878,sage,0.9160219109869868,0.7915334360243359,sage,4.090932284985254,1.5220150738778868,sage
0:sage44_manual_static_tall_004,0,sage44_manual_static_tall_004,manual_grid,True,True,7.486630439758301,9.74062180519104,storm,0.0099915335022112,0.0089663959648201,sage,0.0406658404252876,0.0483062744034156,sage,0.789619012888245,0.7878884729582093,sage,1.816098334380068,1.624591577915147,sage
0:sage44_manual_static_tall_007,0,sage44_manual_static_tall_007,manual_grid,True,True,19.11773991584778,9.601817846298218,sage,0.0099836991022768,0.0087859565862942,sage,0.0218958632808714,0.0174264699541789,storm,0.9700880828723248,0.740154772709732,sage,4.291379716874683,1.381354157327174,sage
0:sage44_manual_static_tall_008,0,sage44_manual_static_tall_008,manual_grid,False,True,21.92622709274292,8.209354162216187,sage,0.0766482825940265,0.00885620543035,sage,0.019651065092862,0.0432902847845015,sage,1.1399601869675875,0.6675864140236668,sage,8.24093094279194,1.2994664410982444,sage
0:sage44_manual_static_tall_009,0,sage44_manual_static_tall_009,manual_grid,True,True,9.126940965652466,9.9978449344635,storm,0.0098228634738279,0.0092641988774598,sage,0.036149767667529,0.0389958005534234,sage,0.6587614028159037,0.7111959178844317,storm,1.425654659714543,1.484607277238618,storm
0:sage44_manual_static_tall_013,0,sage44_manual_static_tall_013,manual_grid,False,True,22.98276782035828,10.862963438034058,sage,0.2762297295511138,0.0086651976036896,sage,0.0602113942924197,0.0268209292601251,storm,0.6375576564699366,0.906989639124766,storm,4.578379314016981,2.0196245779031488,sage
0:sage44_manual_static_tall_014,0,sage44_manual_static_tall_014,manual_grid,False,True,24.6608669757843,11.912448167800903,sage,0.0346519292642336,0.0087865191846791,sage,0.0245874143248377,0.0186124708318421,storm,0.8956574190370621,0.7038308868543371,sage,5.686681861096385,1.6139518210317731,sage
0:sage44_manual_static_tall_015,0,sage44_manual_static_tall_015,manual_grid,True,True,5.245476722717285,8.009727954864502,storm,0.0094392706072219,0.008031330589511,sage,0.0554319431864414,0.055607001837078,sage,0.6082955637236818,0.599127837080264,sage,1.4415624408550278,1.2641125513122142,sage
0:sage44_manual_static_tall_016,0,sage44_manual_static_tall_016,manual_grid,True,True,16.866507530212402,7.403943061828613,sage,0.0094180643652958,0.0096113187114529,storm,0.05327366483528,0.0556379933194078,sage,0.5924211733365976,0.6069701980708618,storm,1.3264134071275953,1.2172435146387617,sage
0:sage44_manual_static_tall_017,0,sage44_manual_static_tall_017,manual_grid,True,True,6.424040794372559,9.369879722595217,storm,0.0096129684764012,0.008360871800716,sage,0.0530412999781302,0.0555434306713585,sage,0.6128011437431068,0.583242928771545,sage,1.5357831522718266,1.3240970402044334,sage
0:sage44_manual_static_tall_021,0,sage44_manual_static_tall_021,manual_grid,False,True,21.794818878173828,8.929656267166138,sage,0.0233551337916679,0.0085673821273266,sage,0.043953428106205,0.048569007370463,sage,0.575689148715916,0.4610633205893384,sage,2.7462246005032083,1.0331245904803483,sage
0:sage44_manual_static_tall_022,0,sage44_manual_static_tall_022,manual_grid,True,True,6.386342525482178,7.877966165542602,storm,0.0099860286372002,0.0086325229636745,sage,0.0736035467385853,0.0697807160742645,storm,0.399737494691493,0.4129939315870301,storm,1.1673395268247806,0.9256680776014072,sage
0:sage44_manual_static_tall_026,0,sage44_manual_static_tall_026,manual_grid,True,True,8.425503730773926,8.896158218383789,storm,0.009450870325161,0.0093634141063923,tie,0.0638725239316686,0.0615034924300944,storm,0.2906517859603401,0.3386755444092875,storm,0.7295386110277897,0.8084488575501723,storm
0:sage44_manual_static_tall_027,0,sage44_manual_static_tall_027,manual_grid,True,True,5.198970556259155,7.288551330566406,storm,0.0095505886058416,0.0092192765103018,sage,0.0816473533143303,0.0747247904345647,storm,0.2701549957010657,0.2806895428801085,storm,0.6949958925847861,0.689984974136999,sage
0:sage44_manual_static_tall_031,0,sage44_manual_static_tall_031,manual_grid,True,True,13.638432025909424,11.45024347305298,sage,0.0099625626487895,0.0095628897685297,sage,0.0426078020802172,0.0323168615387126,storm,0.8150606612254748,0.6963826030691898,sage,4.185995024228986,1.616521647230661,sage
0:sage44_manual_static_tall_032,0,sage44_manual_static_tall_032,manual_grid,True,True,8.04671597480774,11.5932035446167,storm,0.009892382773836,0.0088000759298208,sage,0.0670164404061287,0.0672436434075897,sage,0.5480101058819727,0.5287121517820756,sage,1.283568134498084,1.2971495932567925,storm
0:sage44_manual_static_tall_033,0,sage44_manual_static_tall_033,manual_grid,True,True,5.120908498764038,9.748956441879272,storm,0.0095930302569369,0.0095202893864868,tie,0.0773398628230786,0.0745399209955375,storm,0.5015960314668939,0.5712136176619104,storm,1.2241399644659587,1.313357563196827,storm
0:sage44_manual_static_tall_034,0,sage44_manual_static_tall_034,manual_grid,True,True,5.094286680221558,10.751816987991331,storm,0.0095008630651632,0.0099034517641352,storm,0.0724546662093116,0.0549839652431145,storm,0.5171875406771276,0.682699629873187,storm,1.5636089372082351,1.739669106922787,storm
0:sage44_manual_static_tall_035,0,sage44_manual_static_tall_035,manual_grid,False,True,21.8584041595459,15.205302238464355,sage,0.0418173415461297,0.0081663746727865,sage,0.0422037321448326,0.0056240875393152,storm,0.6446696270822039,0.6686799394403198,storm,4.391510596946935,2.300147510691484,sage
0:sage44_manual_static_tall_036,0,sage44_manual_static_tall_036,manual_grid,False,True,25.035191297531128,8.84500765800476,sage,0.0291946693947953,0.0080975333584259,sage,0.043632798743248,0.0036862295508384,storm,0.4576957533570904,0.3777573416877187,sage,3.163090697382401,1.1200002510482958,sage
0:sage44_manual_static_tall_037,0,sage44_manual_static_tall_037,manual_grid,False,True,23.58421540260315,8.200778722763062,sage,0.0204759702600088,0.0088641558503904,sage,0.0192823084871351,0.0130799244415127,storm,0.374041568349822,0.2666336371811913,sage,2.149900158780926,0.6926839711141787,sage
0:sage44_manual_static_tall_038,0,sage44_manual_static_tall_038,manual_grid,True,True,11.245372533798218,7.932640790939331,sage,0.0096990064235842,0.007807267131458,sage,0.0878999940395355,0.0878999940395355,tie,0.1509316593301253,0.1637315861055907,storm,0.5147893595964279,0.5301177548752525,storm
0:sage44_manual_static_tall_039,0,sage44_manual_static_tall_039,manual_grid,True,True,4.42733907699585,5.359338045120239,storm,0.0095547853599827,0.0097918757834525,storm,0.0878999940395355,0.0878999940395355,tie,0.0892474779588801,0.0932406676122171,storm,0.3733927834869625,0.3093573854786054,sage
0:sage44_manual_static_tall_040,0,sage44_manual_static_tall_040,manual_grid,True,True,6.5592920780181885,10.91843295097351,storm,0.0098812298048103,0.0080621898155012,sage,0.04799724548959,0.015688477405187,storm,0.6173843759030919,0.6365228075224751,storm,1.9103228806507664,1.9042738020790857,sage
0:sage44_manual_static_tall_041,0,sage44_manual_static_tall_041,manual_grid,True,True,8.165066480636597,7.94533634185791,sage,0.0099279597762392,0.0082434819084371,sage,0.0488817195404554,0.0317620758780669,storm,0.508927295233456,0.4934521525021803,sage,1.393611811493496,1.348529063981588,sage
0:sage44_manual_static_tall_042,0,sage44_manual_static_tall_042,manual_grid,True,True,5.380848169326782,8.4450101852417,storm,0.0099245993846175,0.0081917238690134,sage,0.0878999940395355,0.0867811339146489,storm,0.4240247229290024,0.4277559921385736,storm,1.2737825781395524,1.2324233321834297,sage
0:sage44_manual_static_tall_043,0,sage44_manual_static_tall_043,manual_grid,True,True,4.180795669555664,7.726132392883301,storm,0.0079143194375947,0.0079521630159919,tie,0.0878999940395355,0.0878999940395355,tie,0.3623469759376335,0.4026051818653074,storm,1.1097009147001566,1.1682052568378238,storm
0:sage44_manual_static_tall_044,0,sage44_manual_static_tall_044,manual_grid,True,True,5.249703645706177,7.802260160446167,storm,0.0093563157537004,0.0076083890459739,sage,0.0878999940395355,0.0856534335282163,storm,0.3162527167243094,0.3679898663008446,storm,1.0210953492414865,1.0887917182084486,storm
0:sage44_manual_static_tall_047,0,sage44_manual_static_tall_047,manual_grid,True,True,7.018155574798584,7.402006387710571,storm,0.0099900446696645,0.0082425513486911,sage,0.044287588329255,0.038554090842227,storm,0.4711811178319041,0.412545073615491,sage,1.490543188699716,1.0459568894285785,sage
0:sage44_manual_static_tall_048,0,sage44_manual_static_tall_048,manual_grid,True,True,6.712406158447266,7.7546775341033936,storm,0.0097088979776495,0.0081102017315716,sage,0.0645920276946677,0.0603553091829699,storm,0.3935727522170995,0.3995407611303934,storm,1.1506232220046373,0.9700825192563556,sage
0:sage44_manual_static_tall_049,0,sage44_manual_static_tall_049,manual_grid,True,True,4.609032392501831,7.800131797790527,storm,0.0094681384819355,0.0074653117964652,sage,0.062615291012039,0.0809825105918275,sage,0.3858667584341131,0.3915382251849363,storm,0.966157420793198,0.9913393115992988,storm
0:sage44_manual_static_tall_050,0,sage44_manual_static_tall_050,manual_grid,True,True,4.694475412368774,8.147525310516357,storm,0.0097255916717698,0.0092056612577154,sage,0.048477008692812,0.0495335496747943,sage,0.3714038633154299,0.3830616013402756,storm,0.9539004481416856,0.9176033916152068,sage
0:sage44_manual_static_tall_051,0,sage44_manual_static_tall_051,manual_grid,False,True,21.792067289352417,8.67847490310669,sage,0.0254809335045065,0.0099143582325156,sage,0.0482251880347728,0.0124584028363227,storm,0.4853618814671521,0.4194172899300855,sage,2.9584076439863662,1.0051373223927984,sage
0:sage44_manual_static_tall_052,0,sage44_manual_static_tall_052,hard_reach,True,True,7.818834543228149,11.726120710372925,storm,0.0099269594266159,0.0095194590831754,sage,0.0468528068125378,0.0570530003949128,sage,0.765237156864927,0.7394014069552013,sage,2.514266387502891,2.3931766800683008,sage
0:sage44_manual_static_tall_053,0,sage44_manual_static_tall_053,hard_reach,False,True,24.59553551673889,11.02429175376892,sage,0.0409840411578296,0.0095849171536671,sage,0.0504260045915348,0.0485630946611848,storm,0.7156728961525096,0.7243493259170771,storm,3.8395189326434576,2.2115878879829576,sage
0:sage44_manual_static_tall_054,0,sage44_manual_static_tall_054,hard_reach,True,True,14.546829462051392,8.948514938354492,sage,0.0096422497720654,0.0098377986388011,storm,0.0280263492185335,0.0287412037582119,sage,0.7359917454193442,0.6933336025283736,sage,1.8945839699985465,1.9845394223525468,storm
0:sage44_manual_static_tall_055,0,sage44_manual_static_tall_055,hard_reach,False,True,22.880478858947757,13.816781520843506,sage,0.124745258994716,0.0096645839215811,sage,0.0461062162079881,0.0417526825308799,storm,0.7739008485000235,0.8104540370588043,storm,2.68081754660505,2.6215514666408897,sage
0:sage44_manual_static_tall_056,0,sage44_manual_static_tall_056,hard_reach,False,True,24.495760679244995,15.032086372375488,sage,0.0576951114039473,0.0099225463567627,sage,0.0494648835025062,0.0009403108201426,storm,0.7732211950316196,0.8423987645278131,storm,3.2133685992662224,3.117567310022616,sage
0:sage44_manual_static_tall_057,0,sage44_manual_static_tall_057,hard_reach,False,True,21.89411759376526,15.89773178100586,sage,0.0338337934142562,0.0094657501175983,sage,0.0457985161066055,0.0373617887002524,storm,0.8019541249951038,0.8736707391823904,storm,3.587643705249579,2.780006247028047,sage
0:sage44_manual_static_tall_058,0,sage44_manual_static_tall_058,hard_reach,False,True,22.894932508468628,18.17799186706543,sage,0.0233171853292377,0.0094377394531122,sage,0.0255433866234874,0.0292233129278717,sage,0.8108257002951065,0.9338341578171544,storm,4.256479099882309,2.961349331908936,sage
