method_name,benchmark_seed,episode_id,target_id,difficulty_tag,scene,success,failure,collision,timeout,final_ee_error,final_joint_error,minimum_safety_margin,steps_to_goal,wall_time,planning_time,control_time_mean,trajectory_length_joint,trajectory_length_ee,smoothness_jerk,rrtstar_available,rrtstar_exact_solution,rrtstar_approximate_solution,controller_class,controller_entrypoint,config_path,tuned_reference_script,target_publish_count,target_publish_duration,uses_clean_controller,uses_native_margin,deployment_refinement_enabled,local_refinement_enabled,margin_fallback,target_not_available,backend,skipped_reason,path_length_joint,planning_time_limit,goal_bias,interpolation_resolution,collision_check_resolution,number_of_validity_checks,number_of_invalid_states
storm_mppi_tuned,0,0,sage44_manual_static_tall_002,manual_grid,tall,True,False,False,False,0.009819916565559,0.5351369309184484,0.0166247692961867,466,11.30990195274353,3.5927462577819824,0.0108349230981642,4.024213175779561,0.9838220028808624,0.0026905362183885,,,,MPPI,examples/sim_gazebo/reach_static_ur7e_tall.py,examples/sim_gazebo/config/ur7e_reacher_gazebo_tall.yml,examples/sim_gazebo/bash/run_all_reach_static_tall.sh,9,2.0,False,False,False,False,True,False,python_internal_tuned_logic,,,,,,,,
storm_mppi_tuned,0,1,sage44_manual_static_tall_003,manual_grid,tall,True,False,False,False,0.0099479311329687,2.7743055313774625,0.0200251052602442,453,11.206074953079224,3.4896843433380127,0.0108446842801254,4.090932284985254,0.9160219109869868,0.003782517195047,,,,MPPI,examples/sim_gazebo/reach_static_ur7e_tall.py,examples/sim_gazebo/config/ur7e_reacher_gazebo_tall.yml,examples/sim_gazebo/bash/run_all_reach_static_tall.sh,9,2.0,False,False,False,False,True,False,python_internal_tuned_logic,,,,,,,,
storm_mppi_tuned,0,2,sage44_manual_static_tall_004,manual_grid,tall,True,False,False,False,0.0099915335022112,0.5750407315846855,0.0406658404252876,256,7.486630439758301,1.9901511669158936,0.0109532814399868,1.816098334380068,0.789619012888245,0.0021475051675931,,,,MPPI,examples/sim_gazebo/reach_static_ur7e_tall.py,examples/sim_gazebo/config/ur7e_reacher_gazebo_tall.yml,examples/sim_gazebo/bash/run_all_reach_static_tall.sh,9,2.0,False,False,False,False,True,False,python_internal_tuned_logic,,,,,,,,
storm_mppi_tuned,0,3,sage44_manual_static_tall_007,manual_grid,tall,True,False,False,False,0.0099836991022768,0.7915562243667321,0.0218958632808714,651,19.11773991584778,5.958991765975952,0.013839436677786,4.291379716874683,0.9700880828723248,0.001325637000873,,,,MPPI,examples/sim_gazebo/reach_static_ur7e_tall.py,examples/sim_gazebo/config/ur7e_reacher_gazebo_tall.yml,examples/sim_gazebo/bash/run_all_reach_static_tall.sh,9,2.0,False,False,False,False,True,False,python_internal_tuned_logic,,,,,,,,
storm_mppi_tuned,0,4,sage44_manual_static_tall_008,manual_grid,tall,False,True,False,True,0.0766482825940265,2.5774291747052707,0.019651065092862,992,21.92622709274292,7.528764009475708,0.0106264513827139,8.24093094279194,1.1399601869675875,0.0019272889136686,,,,MPPI,examples/sim_gazebo/reach_static_ur7e_tall.py,examples/sim_gazebo/config/ur7e_reacher_gazebo_tall.yml,examples/sim_gazebo/bash/run_all_reach_static_tall.sh,9,2.0,False,False,False,False,True,False,python_internal_tuned_logic,,,,,,,,
storm_mppi_tuned,0,5,sage44_manual_static_tall_009,manual_grid,tall,True,False,False,False,0.0098228634738279,0.6558165949950717,0.036149767667529,211,9.126940965652466,3.6004788875579834,0.0259334110078357,1.425654659714543,0.6587614028159037,0.004644794192886,,,,MPPI,examples/sim_gazebo/reach_static_ur7e_tall.py,examples/sim_gazebo/config/ur7e_reacher_gazebo_tall.yml,examples/sim_gazebo/bash/run_all_reach_static_tall.sh,9,2.0,False,False,False,False,True,False,python_internal_tuned_logic,,,,,,,,
storm_mppi_tuned,0,6,sage44_manual_static_tall_013,manual_grid,tall,False,True,False,True,0.2762297295511138,2.810587235639124,0.0602113942924197,992,22.98276782035828,7.6335530281066895,0.0109718252093561,4.578379314016981,0.6375576564699366,0.0010124016628635,,,,MPPI,examples/sim_gazebo/reach_static_ur7e_tall.py,examples/sim_gazebo/config/ur7e_reacher_gazebo_tall.yml,examples/sim_gazebo/bash/run_all_reach_static_tall.sh,9,2.0,False,False,False,False,True,False,python_internal_tuned_logic,,,,,,,,
storm_mppi_tuned,0,7,sage44_manual_static_tall_014,manual_grid,tall,False,True,False,True,0.0346519292642336,3.912098083724651,0.0245874143248377,973,24.6608669757843,8.21681833267212,0.0124779480211781,5.686681861096385,0.8956574190370621,0.0009827223077124,,,,MPPI,examples/sim_gazebo/reach_static_ur7e_tall.py,examples/sim_gazebo/config/ur7e_reacher_gazebo_tall.yml,examples/sim_gazebo/bash/run_all_reach_static_tall.sh,9,2.0,False,False,False,False,True,False,python_internal_tuned_logic,,,,,,,,
storm_mppi_tuned,0,8,sage44_manual_static_tall_015,manual_grid,tall,True,False,False,False,0.0094392706072219,0.6153087051418453,0.0554319431864414,165,5.245476722717285,1.257857322692871,0.0105929098478177,1.4415624408550278,0.6082955637236818,0.0024445194619992,,,,MPPI,examples/sim_gazebo/reach_static_ur7e_tall.py,examples/sim_gazebo/config/ur7e_reacher_gazebo_tall.yml,examples/sim_gazebo/bash/run_all_reach_static_tall.sh,9,2.0,False,False,False,False,True,False,python_internal_tuned_logic,,,,,,,,
storm_mppi_tuned,0,9,sage44_manual_static_tall_016,manual_grid,tall,True,False,False,False,0.0094180643652958,0.3574760735738347,0.05327366483528,162,16.866507530212402,2.064028263092041,0.0190436203287254,1.3264134071275953,0.5924211733365976,0.0001417603833291,,,,MPPI,examples/sim_gazebo/reach_static_ur7e_tall.py,examples/sim_gazebo/config/ur7e_reacher_gazebo_tall.yml,examples/sim_gazebo/bash/run_all_reach_static_tall.sh,9,2.0,False,False,False,False,True,False,python_internal_tuned_logic,,,,,,,,
storm_mppi_tuned,0,10,sage44_manual_static_tall_017,manual_grid,tall,True,False,False,False,0.0096129684764012,0.4035032836960279,0.0530412999781302,196,6.424040794372559,1.6428446769714355,0.0119652576935596,1.5357831522718266,0.6128011437431068,0.0018068947217712,,,,MPPI,examples/sim_gazebo/reach_static_ur7e_tall.py,examples/sim_gazebo/config/ur7e_reacher_gazebo_tall.yml,examples/sim_gazebo/bash/run_all_reach_static_tall.sh,9,2.0,False,False,False,False,True,False,python_internal_tuned_logic,,,,,,,,
storm_mppi_tuned,0,11,sage44_manual_static_tall_021,manual_grid,tall,False,True,False,True,0.0233551337916679,0.5574325025648308,0.043953428106205,994,21.794818878173828,7.453900575637817,0.0104682567853563,2.7462246005032083,0.575689148715916,0.0007518194711389,,,,MPPI,examples/sim_gazebo/reach_static_ur7e_tall.py,examples/sim_gazebo/config/ur7e_reacher_gazebo_tall.yml,examples/sim_gazebo/bash/run_all_reach_static_tall.sh,9,2.0,False,False,False,False,True,False,python_internal_tuned_logic,,,,,,,,
storm_mppi_tuned,0,12,sage44_manual_static_tall_022,manual_grid,tall,True,False,False,False,0.0099860286372002,0.611522734408973,0.0736035467385853,223,6.386342525482178,1.7331557273864746,0.0113883866920127,1.1673395268247806,0.399737494691493,0.0013315661557133,,,,MPPI,examples/sim_gazebo/reach_static_ur7e_tall.py,examples/sim_gazebo/config/ur7e_reacher_gazebo_tall.yml,examples/sim_gazebo/bash/run_all_reach_static_tall.sh,9,2.0,False,False,False,False,True,False,python_internal_tuned_logic,,,,,,,,
storm_mppi_tuned,0,13,sage44_manual_static_tall_026,manual_grid,tall,True,False,False,False,0.009450870325161,0.3213734230255638,0.0638725239316686,118,8.425503730773926,1.8073246479034424,0.0239132897466675,0.7295386110277897,0.2906517859603401,0.0034095566684706,,,,MPPI,examples/sim_gazebo/reach_static_ur7e_tall.py,examples/sim_gazebo/config/ur7e_reacher_gazebo_tall.yml,examples/sim_gazebo/bash/run_all_reach_static_tall.sh,9,2.0,False,False,False,False,True,False,python_internal_tuned_logic,,,,,,,,
storm_mppi_tuned,0,14,sage44_manual_static_tall_027,manual_grid,tall,True,False,False,False,0.0095505886058416,0.2178923309808547,0.0816473533143303,128,5.198970556259155,1.085796356201172,0.0123393854756993,0.6949958925847861,0.2701549957010657,0.0006766485698854,,,,MPPI,examples/sim_gazebo/reach_static_ur7e_tall.py,examples/sim_gazebo/config/ur7e_reacher_gazebo_tall.yml,examples/sim_gazebo/bash/run_all_reach_static_tall.sh,9,2.0,False,False,False,False,True,False,python_internal_tuned_logic,,,,,,,,
storm_mppi_tuned,0,15,sage44_manual_static_tall_031,manual_grid,tall,True,False,False,False,0.0099625626487895,3.655858008660665,0.0426078020802172,587,13.638432025909424,4.452382564544678,0.010584600549509,4.185995024228986,0.8150606612254748,0.0013462535542891,,,,MPPI,examples/sim_gazebo/reach_static_ur7e_tall.py,examples/sim_gazebo/config/ur7e_reacher_gazebo_tall.yml,examples/sim_gazebo/bash/run_all_reach_static_tall.sh,9,2.0,False,False,False,False,True,False,python_internal_tuned_logic,,,,,,,,
storm_mppi_tuned,0,16,sage44_manual_static_tall_032,manual_grid,tall,True,False,False,False,0.009892382773836,0.5155638512714438,0.0670164404061287,190,8.04671597480774,2.044857978820801,0.0162258312184974,1.283568134498084,0.5480101058819727,0.0010227914455543,,,,MPPI,examples/sim_gazebo/reach_static_ur7e_tall.py,examples/sim_gazebo/config/ur7e_reacher_gazebo_tall.yml,examples/sim_gazebo/bash/run_all_reach_static_tall.sh,9,2.0,False,False,False,False,True,False,python_internal_tuned_logic,,,,,,,,
storm_mppi_tuned,0,17,sage44_manual_static_tall_033,manual_grid,tall,True,False,False,False,0.0095930302569369,0.4297504391462183,0.0773398628230786,144,5.120908498764038,1.1822197437286377,0.0119979098126604,1.2241399644659587,0.5015960314668939,0.0048740340167217,,,,MPPI,examples/sim_gazebo/reach_static_ur7e_tall.py,examples/sim_gazebo/config/ur7e_reacher_gazebo_tall.yml,examples/sim_gazebo/bash/run_all_reach_static_tall.sh,9,2.0,False,False,False,False,True,False,python_internal_tuned_logic,,,,,,,,
storm_mppi_tuned,0,18,sage44_manual_static_tall_034,manual_grid,tall,True,False,False,False,0.0095008630651632,0.7446791951173125,0.0724546662093116,162,5.094286680221558,1.2679834365844729,0.0110735848823689,1.5636089372082351,0.5171875406771276,0.0016787554093384,,,,MPPI,examples/sim_gazebo/reach_static_ur7e_tall.py,examples/sim_gazebo/config/ur7e_reacher_gazebo_tall.yml,examples/sim_gazebo/bash/run_all_reach_static_tall.sh,9,2.0,False,False,False,False,True,False,python_internal_tuned_logic,,,,,,,,
storm_mppi_tuned,0,19,sage44_manual_static_tall_035,manual_grid,tall,False,True,False,True,0.0418173415461297,2.1557944288242874,0.0422037321448326,994,21.8584041595459,7.524104595184326,0.010601940769065,4.391510596946935,0.6446696270822039,0.0016595636170906,,,,MPPI,examples/sim_gazebo/reach_static_ur7e_tall.py,examples/sim_gazebo/config/ur7e_reacher_gazebo_tall.yml,examples/sim_gazebo/bash/run_all_reach_static_tall.sh,9,2.0,False,False,False,False,True,False,python_internal_tuned_logic,,,,,,,,
storm_mppi_tuned,0,20,sage44_manual_static_tall_036,manual_grid,tall,False,True,False,True,0.0291946693947953,1.883630629033348,0.043632798743248,788,25.035191297531128,9.724628448486328,0.0202743169014829,3.163090697382401,0.4576957533570904,0.0007813674151881,,,,MPPI,examples/sim_gazebo/reach_static_ur7e_tall.py,examples/sim_gazebo/config/ur7e_reacher_gazebo_tall.yml,examples/sim_gazebo/bash/run_all_reach_static_tall.sh,9,2.0,False,False,False,False,True,False,python_internal_tuned_logic,,,,,,,,
storm_mppi_tuned,0,21,sage44_manual_static_tall_037,manual_grid,tall,False,True,False,True,0.0204759702600088,0.643935419907345,0.0192823084871351,987,23.58421540260315,7.956141710281372,0.011769089413752,2.149900158780926,0.374041568349822,0.0006660892358239,,,,MPPI,examples/sim_gazebo/reach_static_ur7e_tall.py,examples/sim_gazebo/config/ur7e_reacher_gazebo_tall.yml,examples/sim_gazebo/bash/run_all_reach_static_tall.sh,9,2.0,False,False,False,False,True,False,python_internal_tuned_logic,,,,,,,,
storm_mppi_tuned,0,22,sage44_manual_static_tall_038,manual_grid,tall,True,False,False,False,0.0096990064235842,0.2044527162395319,0.0878999940395355,120,11.245372533798218,2.87727952003479,0.0370103230997293,0.5147893595964279,0.1509316593301253,0.0020304762793164,,,,MPPI,examples/sim_gazebo/reach_static_ur7e_tall.py,examples/sim_gazebo/config/ur7e_reacher_gazebo_tall.yml,examples/sim_gazebo/bash/run_all_reach_static_tall.sh,9,2.0,False,False,False,False,True,False,python_internal_tuned_logic,,,,,,,,
storm_mppi_tuned,0,23,sage44_manual_static_tall_039,manual_grid,tall,True,False,False,False,0.0095547853599827,0.2097519054608534,0.0878999940395355,81,4.42733907699585,0.7242832183837891,0.0135801970958709,0.3733927834869625,0.0892474779588801,0.0013348424404031,,,,MPPI,examples/sim_gazebo/reach_static_ur7e_tall.py,examples/sim_gazebo/config/ur7e_reacher_gazebo_tall.yml,examples/sim_gazebo/bash/run_all_reach_static_tall.sh,9,2.0,False,False,False,False,True,False,python_internal_tuned_logic,,,,,,,,
storm_mppi_tuned,0,24,sage44_manual_static_tall_040,manual_grid,tall,True,False,False,False,0.0098812298048103,0.4676348598922013,0.04799724548959,223,6.5592920780181885,1.6950974464416504,0.0108710269670228,1.9103228806507664,0.6173843759030919,0.0020776826714455,,,,MPPI,examples/sim_gazebo/reach_static_ur7e_tall.py,examples/sim_gazebo/config/ur7e_reacher_gazebo_tall.yml,examples/sim_gazebo/bash/run_all_reach_static_tall.sh,9,2.0,False,False,False,False,True,False,python_internal_tuned_logic,,,,,,,,
storm_mppi_tuned,0,25,sage44_manual_static_tall_041,manual_grid,tall,True,False,False,False,0.0099279597762392,0.5299795877253759,0.0488817195404554,165,8.165066480636597,2.3570806980133057,0.022131687257348,1.393611811493496,0.508927295233456,0.0039156711700245,,,,MPPI,examples/sim_gazebo/reach_static_ur7e_tall.py,examples/sim_gazebo/config/ur7e_reacher_gazebo_tall.yml,examples/sim_gazebo/bash/run_all_reach_static_tall.sh,9,2.0,False,False,False,False,True,False,python_internal_tuned_logic,,,,,,,,
storm_mppi_tuned,0,26,sage44_manual_static_tall_042,manual_grid,tall,True,False,False,False,0.0099245993846175,0.4317070108257566,0.0878999940395355,138,5.380848169326782,1.1457302570343018,0.0120588288690051,1.2737825781395524,0.4240247229290024,0.0012187801608798,,,,MPPI,examples/sim_gazebo/reach_static_ur7e_tall.py,examples/sim_gazebo/config/ur7e_reacher_gazebo_tall.yml,examples/sim_gazebo/bash/run_all_reach_static_tall.sh,9,2.0,False,False,False,False,True,False,python_internal_tuned_logic,,,,,,,,
storm_mppi_tuned,0,27,sage44_manual_static_tall_043,manual_grid,tall,True,False,False,False,0.0079143194375947,0.2083238041457305,0.0878999940395355,117,4.180795669555664,0.9485490322113036,0.0113417321238024,1.1097009147001566,0.3623469759376335,0.0006741193486833,,,,MPPI,examples/sim_gazebo/reach_static_ur7e_tall.py,examples/sim_gazebo/config/ur7e_reacher_gazebo_tall.yml,examples/sim_gazebo/bash/run_all_reach_static_tall.sh,9,2.0,False,False,False,False,True,False,python_internal_tuned_logic,,,,,,,,
storm_mppi_tuned,0,28,sage44_manual_static_tall_044,manual_grid,tall,True,False,False,False,0.0093563157537004,0.4681853897864813,0.0878999940395355,120,5.249703645706177,1.0560753345489502,0.013714037021669,1.0210953492414865,0.3162527167243094,0.0054527061111935,,,,MPPI,examples/sim_gazebo/reach_static_ur7e_tall.py,examples/sim_gazebo/config/ur7e_reacher_gazebo_tall.yml,examples/sim_gazebo/bash/run_all_reach_static_tall.sh,9,2.0,False,False,False,False,True,False,python_internal_tuned_logic,,,,,,,,
storm_mppi_tuned,0,29,sage44_manual_static_tall_047,manual_grid,tall,True,False,False,False,0.0099900446696645,0.5309521170873199,0.044287588329255,249,7.018155574798584,1.9584286212921145,0.0110678144039646,1.490543188699716,0.4711811178319041,0.002745476683815,,,,MPPI,examples/sim_gazebo/reach_static_ur7e_tall.py,examples/sim_gazebo/config/ur7e_reacher_gazebo_tall.yml,examples/sim_gazebo/bash/run_all_reach_static_tall.sh,9,2.0,False,False,False,False,True,False,python_internal_tuned_logic,,,,,,,,
storm_mppi_tuned,0,30,sage44_manual_static_tall_048,manual_grid,tall,True,False,False,False,0.0097088979776495,0.8410931657623899,0.0645920276946677,145,6.712406158447266,1.481926441192627,0.0159258693456649,1.1506232220046373,0.3935727522170995,0.0015831704784235,,,,MPPI,examples/sim_gazebo/reach_static_ur7e_tall.py,examples/sim_gazebo/config/ur7e_reacher_gazebo_tall.yml,examples/sim_gazebo/bash/run_all_reach_static_tall.sh,9,2.0,False,False,False,False,True,False,python_internal_tuned_logic,,,,,,,,
storm_mppi_tuned,0,31,sage44_manual_static_tall_049,manual_grid,tall,True,False,False,False,0.0094681384819355,0.4270544013619887,0.062615291012039,126,4.609032392501831,1.0778379440307615,0.0123864021301269,0.966157420793198,0.3858667584341131,0.0024528721504433,,,,MPPI,examples/sim_gazebo/reach_static_ur7e_tall.py,examples/sim_gazebo/config/ur7e_reacher_gazebo_tall.yml,examples/sim_gazebo/bash/run_all_reach_static_tall.sh,9,2.0,False,False,False,False,True,False,python_internal_tuned_logic,,,,,,,,
storm_mppi_tuned,0,32,sage44_manual_static_tall_050,manual_grid,tall,True,False,False,False,0.0097255916717698,0.3784692757794214,0.048477008692812,137,4.694475412368774,1.0599336624145508,0.0109608155839583,0.9539004481416856,0.3714038633154299,0.002676576061189,,,,MPPI,examples/sim_gazebo/reach_static_ur7e_tall.py,examples/sim_gazebo/config/ur7e_reacher_gazebo_tall.yml,examples/sim_gazebo/bash/run_all_reach_static_tall.sh,9,2.0,False,False,False,False,True,False,python_internal_tuned_logic,,,,,,,,
storm_mppi_tuned,0,33,sage44_manual_static_tall_051,manual_grid,tall,False,True,False,True,0.0254809335045065,1.2312705368131192,0.0482251880347728,995,21.792067289352417,7.5087339878082275,0.0105061792249056,2.9584076439863662,0.4853618814671521,0.0007669307685505,,,,MPPI,examples/sim_gazebo/reach_static_ur7e_tall.py,examples/sim_gazebo/config/ur7e_reacher_gazebo_tall.yml,examples/sim_gazebo/bash/run_all_reach_static_tall.sh,9,2.0,False,False,False,False,True,False,python_internal_tuned_logic,,,,,,,,
storm_mppi_tuned,0,34,sage44_manual_static_tall_052,hard_reach,tall,True,False,False,False,0.0099269594266159,0.7718608141511886,0.0468528068125378,291,7.818834543228149,2.3170223236083984,0.0114740544352038,2.514266387502891,0.765237156864927,0.001387550195438,,,,MPPI,examples/sim_gazebo/reach_static_ur7e_tall.py,examples/sim_gazebo/config/ur7e_reacher_gazebo_tall.yml,examples/sim_gazebo/bash/run_all_reach_static_tall.sh,9,2.0,False,False,False,False,True,False,python_internal_tuned_logic,,,,,,,,
storm_mppi_tuned,0,35,sage44_manual_static_tall_053,hard_reach,tall,False,True,False,True,0.0409840411578296,1.4522761951296066,0.0504260045915348,973,24.59553551673889,8.3111412525177,0.012525307311306,3.8395189326434576,0.7156728961525096,0.0007977734954504,,,,MPPI,examples/sim_gazebo/reach_static_ur7e_tall.py,examples/sim_gazebo/config/ur7e_reacher_gazebo_tall.yml,examples/sim_gazebo/bash/run_all_reach_static_tall.sh,9,2.0,False,False,False,False,True,False,python_internal_tuned_logic,,,,,,,,
storm_mppi_tuned,0,36,sage44_manual_static_tall_054,hard_reach,tall,True,False,False,False,0.0096422497720654,0.508970516172233,0.0280263492185335,246,14.546829462051392,6.37235426902771,0.0393725920696647,1.8945839699985465,0.7359917454193442,0.0069660467302531,,,,MPPI,examples/sim_gazebo/reach_static_ur7e_tall.py,examples/sim_gazebo/config/ur7e_reacher_gazebo_tall.yml,examples/sim_gazebo/bash/run_all_reach_static_tall.sh,9,2.0,False,False,False,False,True,False,python_internal_tuned_logic,,,,,,,,
storm_mppi_tuned,0,37,sage44_manual_static_tall_055,hard_reach,tall,False,True,False,True,0.124745258994716,0.92524205838953,0.0461062162079881,992,22.880478858947757,7.659333944320679,0.0109174688977579,2.68081754660505,0.7739008485000235,0.0008392008593572,,,,MPPI,examples/sim_gazebo/reach_static_ur7e_tall.py,examples/sim_gazebo/config/ur7e_reacher_gazebo_tall.yml,examples/sim_gazebo/bash/run_all_reach_static_tall.sh,9,2.0,False,False,False,False,True,False,python_internal_tuned_logic,,,,,,,,
storm_mppi_tuned,0,38,sage44_manual_static_tall_056,hard_reach,tall,False,True,False,True,0.0576951114039473,0.7378092215427657,0.0494648835025062,977,24.495760679244995,8.22689151763916,0.0124435515096268,3.2133685992662224,0.7732211950316196,0.0006549922917267,,,,MPPI,examples/sim_gazebo/reach_static_ur7e_tall.py,examples/sim_gazebo/config/ur7e_reacher_gazebo_tall.yml,examples/sim_gazebo/bash/run_all_reach_static_tall.sh,9,2.0,False,False,False,False,True,False,python_internal_tuned_logic,,,,,,,,
storm_mppi_tuned,0,39,sage44_manual_static_tall_057,hard_reach,tall,False,True,False,True,0.0338337934142562,1.3728689003672383,0.0457985161066055,994,21.89411759376526,7.5144383907318115,0.0105501204669115,3.587643705249579,0.8019541249951038,0.0006990456651884,,,,MPPI,examples/sim_gazebo/reach_static_ur7e_tall.py,examples/sim_gazebo/config/ur7e_reacher_gazebo_tall.yml,examples/sim_gazebo/bash/run_all_reach_static_tall.sh,9,2.0,False,False,False,False,True,False,python_internal_tuned_logic,,,,,,,,
storm_mppi_tuned,0,40,sage44_manual_static_tall_058,hard_reach,tall,False,True,False,True,0.0233171853292377,2.007958654283149,0.0255433866234874,668,22.894932508468628,9.900151014328005,0.0234968862133825,4.256479099882309,0.8108257002951065,0.0013299802173317,,,,MPPI,examples/sim_gazebo/reach_static_ur7e_tall.py,examples/sim_gazebo/config/ur7e_reacher_gazebo_tall.yml,examples/sim_gazebo/bash/run_all_reach_static_tall.sh,9,2.0,False,False,False,False,True,False,python_internal_tuned_logic,,,,,,,,
sage_mppi_tuned,0,41,sage44_manual_static_tall_002,manual_grid,tall,True,False,False,False,0.0090563859916133,0.5326449943415394,0.0380671596555875,109,11.208122968673706,7.278493404388428,0.0717904611870094,1.647533054269563,0.8942629331300095,0.0021872755543402,,,,SAGE_MPPI,examples/SAGE_MPPI/clean_SAGE/reach_static_ur7e_tall.py,examples/SAGE_MPPI/clean_SAGE/config/ur7e_reacher_gazebo_tall_sage_clean.yml,examples/SAGE_MPPI/clean_SAGE/run_all_reach_static_tall.sh,9,2.0,True,True,True,True,True,False,python_internal_tuned_logic,,,,,,,,
sage_mppi_tuned,0,42,sage44_manual_static_tall_003,manual_grid,tall,True,False,False,False,0.0092778724854285,0.3107928601197292,0.0434917373892878,90,8.782914876937866,6.274253845214844,0.0732563211676779,1.5220150738778868,0.7915334360243359,0.0026764317698011,,,,SAGE_MPPI,examples/SAGE_MPPI/clean_SAGE/reach_static_ur7e_tall.py,examples/SAGE_MPPI/clean_SAGE/config/ur7e_reacher_gazebo_tall_sage_clean.yml,examples/SAGE_MPPI/clean_SAGE/run_all_reach_static_tall.sh,9,2.0,True,True,True,True,True,False,python_internal_tuned_logic,,,,,,,,
sage_mppi_tuned,0,43,sage44_manual_static_tall_004,manual_grid,tall,True,False,False,False,0.0089663959648201,0.2169940850401341,0.0483062744034156,103,9.74062180519104,7.158820390701294,0.0733637108522303,1.624591577915147,0.7878884729582093,0.0028073832222356,,,,SAGE_MPPI,examples/SAGE_MPPI/clean_SAGE/reach_static_ur7e_tall.py,examples/SAGE_MPPI/clean_SAGE/config/ur7e_reacher_gazebo_tall_sage_clean.yml,examples/SAGE_MPPI/clean_SAGE/run_all_reach_static_tall.sh,9,2.0,True,True,True,True,True,False,python_internal_tuned_logic,,,,,,,,
sage_mppi_tuned,0,44,sage44_manual_static_tall_007,manual_grid,tall,True,False,False,False,0.0087859565862942,0.6115055493474766,0.0174264699541789,98,9.601817846298218,6.730758428573608,0.072324256307071,1.381354157327174,0.740154772709732,0.0023733005749379,,,,SAGE_MPPI,examples/SAGE_MPPI/clean_SAGE/reach_static_ur7e_tall.py,examples/SAGE_MPPI/clean_SAGE/config/ur7e_reacher_gazebo_tall_sage_clean.yml,examples/SAGE_MPPI/clean_SAGE/run_all_reach_static_tall.sh,9,2.0,True,True,True,True,True,False,python_internal_tuned_logic,,,,,,,,
sage_mppi_tuned,0,45,sage44_manual_static_tall_008,manual_grid,tall,True,False,False,False,0.00885620543035,0.2370188483341868,0.0432902847845015,82,8.209354162216187,5.733206748962402,0.0736618454073682,1.2994664410982444,0.6675864140236668,0.003019288247885,,,,SAGE_MPPI,examples/SAGE_MPPI/clean_SAGE/reach_static_ur7e_tall.py,examples/SAGE_MPPI/clean_SAGE/config/ur7e_reacher_gazebo_tall_sage_clean.yml,examples/SAGE_MPPI/clean_SAGE/run_all_reach_static_tall.sh,9,2.0,True,True,True,True,True,False,python_internal_tuned_logic,,,,,,,,
sage_mppi_tuned,0,46,sage44_manual_static_tall_009,manual_grid,tall,True,False,False,False,0.0092641988774598,0.4109182934951977,0.0389958005534234,104,9.9978449344635,7.357297658920288,0.0750420764811988,1.484607277238618,0.7111959178844317,0.0030576167087973,,,,SAGE_MPPI,examples/SAGE_MPPI/clean_SAGE/reach_static_ur7e_tall.py,examples/SAGE_MPPI/clean_SAGE/config/ur7e_reacher_gazebo_tall_sage_clean.yml,examples/SAGE_MPPI/clean_SAGE/run_all_reach_static_tall.sh,9,2.0,True,True,True,True,True,False,python_internal_tuned_logic,,,,,,,,
sage_mppi_tuned,0,47,sage44_manual_static_tall_013,manual_grid,tall,True,False,False,False,0.0086651976036896,0.3777668967167573,0.0268209292601251,119,10.862963438034058,8.278448343276978,0.0732232473664364,2.0196245779031488,0.906989639124766,0.0024663748563754,,,,SAGE_MPPI,examples/SAGE_MPPI/clean_SAGE/reach_static_ur7e_tall.py,examples/SAGE_MPPI/clean_SAGE/config/ur7e_reacher_gazebo_tall_sage_clean.yml,examples/SAGE_MPPI/clean_SAGE/run_all_reach_static_tall.sh,9,2.0,True,True,True,True,True,False,python_internal_tuned_logic,,,,,,,,
sage_mppi_tuned,0,48,sage44_manual_static_tall_014,manual_grid,tall,True,False,False,False,0.0087865191846791,0.2342596012424544,0.0186124708318421,90,11.912448167800903,6.646466016769409,0.0798905083302701,1.6139518210317731,0.7038308868543371,0.0035349803269037,,,,SAGE_MPPI,examples/SAGE_MPPI/clean_SAGE/reach_static_ur7e_tall.py,examples/SAGE_MPPI/clean_SAGE/config/ur7e_reacher_gazebo_tall_sage_clean.yml,examples/SAGE_MPPI/clean_SAGE/run_all_reach_static_tall.sh,9,2.0,True,True,True,True,True,False,python_internal_tuned_logic,,,,,,,,
sage_mppi_tuned,0,49,sage44_manual_static_tall_015,manual_grid,tall,True,False,False,False,0.008031330589511,0.4191028363866039,0.055607001837078,72,8.009727954864502,5.1277244091033936,0.0753422757269631,1.2641125513122142,0.599127837080264,0.0030766290791143,,,,SAGE_MPPI,examples/SAGE_MPPI/clean_SAGE/reach_static_ur7e_tall.py,examples/SAGE_MPPI/clean_SAGE/config/ur7e_reacher_gazebo_tall_sage_clean.yml,examples/SAGE_MPPI/clean_SAGE/run_all_reach_static_tall.sh,9,2.0,True,True,True,True,True,False,python_internal_tuned_logic,,,,,,,,
sage_mppi_tuned,0,50,sage44_manual_static_tall_016,manual_grid,tall,True,False,False,False,0.0096113187114529,0.3766715233272165,0.0556379933194078,69,7.403943061828613,4.831358194351196,0.073735938352697,1.2172435146387617,0.6069701980708618,0.0027628984328286,,,,SAGE_MPPI,examples/SAGE_MPPI/clean_SAGE/reach_static_ur7e_tall.py,examples/SAGE_MPPI/clean_SAGE/config/ur7e_reacher_gazebo_tall_sage_clean.yml,examples/SAGE_MPPI/clean_SAGE/run_all_reach_static_tall.sh,9,2.0,True,True,True,True,True,False,python_internal_tuned_logic,,,,,,,,
sage_mppi_tuned,0,51,sage44_manual_static_tall_017,manual_grid,tall,True,False,False,False,0.008360871800716,0.3000308982072118,0.0555434306713585,75,9.369879722595217,5.65520715713501,0.0818414140391994,1.3240970402044334,0.583242928771545,0.0029198874868508,,,,SAGE_MPPI,examples/SAGE_MPPI/clean_SAGE/reach_static_ur7e_tall.py,examples/SAGE_MPPI/clean_SAGE/config/ur7e_reacher_gazebo_tall_sage_clean.yml,examples/SAGE_MPPI/clean_SAGE/run_all_reach_static_tall.sh,9,2.0,True,True,True,True,True,False,python_internal_tuned_logic,,,,,,,,
sage_mppi_tuned,0,52,sage44_manual_static_tall_021,manual_grid,tall,True,False,False,False,0.0085673821273266,0.2826471167339946,0.048569007370463,83,8.929656267166138,5.952444076538086,0.0762647303139291,1.0331245904803483,0.4610633205893384,0.002807538907978,,,,SAGE_MPPI,examples/SAGE_MPPI/clean_SAGE/reach_static_ur7e_tall.py,examples/SAGE_MPPI/clean_SAGE/config/ur7e_reacher_gazebo_tall_sage_clean.yml,examples/SAGE_MPPI/clean_SAGE/run_all_reach_static_tall.sh,9,2.0,True,True,True,True,True,False,python_internal_tuned_logic,,,,,,,,
sage_mppi_tuned,0,53,sage44_manual_static_tall_022,manual_grid,tall,True,False,False,False,0.0086325229636745,0.2655267646418561,0.0697807160742645,70,7.877966165542602,4.959006547927856,0.0748203526372495,0.9256680776014072,0.4129939315870301,0.0028451120532139,,,,SAGE_MPPI,examples/SAGE_MPPI/clean_SAGE/reach_static_ur7e_tall.py,examples/SAGE_MPPI/clean_SAGE/config/ur7e_reacher_gazebo_tall_sage_clean.yml,examples/SAGE_MPPI/clean_SAGE/run_all_reach_static_tall.sh,9,2.0,True,True,True,True,True,False,python_internal_tuned_logic,,,,,,,,
sage_mppi_tuned,0,54,sage44_manual_static_tall_026,manual_grid,tall,True,False,False,False,0.0093634141063923,0.2696632472035012,0.0615034924300944,78,8.896158218383789,5.976376295089722,0.083303758076259,0.8084488575501723,0.3386755444092875,0.0028408768260624,,,,SAGE_MPPI,examples/SAGE_MPPI/clean_SAGE/reach_static_ur7e_tall.py,examples/SAGE_MPPI/clean_SAGE/config/ur7e_reacher_gazebo_tall_sage_clean.yml,examples/SAGE_MPPI/clean_SAGE/run_all_reach_static_tall.sh,9,2.0,True,True,True,True,True,False,python_internal_tuned_logic,,,,,,,,
sage_mppi_tuned,0,55,sage44_manual_static_tall_027,manual_grid,tall,True,False,False,False,0.0092192765103018,0.1405452664864807,0.0747247904345647,59,7.288551330566406,4.335653066635132,0.0782935742674202,0.689984974136999,0.2806895428801085,0.002700110934329,,,,SAGE_MPPI,examples/SAGE_MPPI/clean_SAGE/reach_static_ur7e_tall.py,examples/SAGE_MPPI/clean_SAGE/config/ur7e_reacher_gazebo_tall_sage_clean.yml,examples/SAGE_MPPI/clean_SAGE/run_all_reach_static_tall.sh,9,2.0,True,True,True,True,True,False,python_internal_tuned_logic,,,,,,,,
sage_mppi_tuned,0,56,sage44_manual_static_tall_031,manual_grid,tall,True,False,False,False,0.0095628897685297,2.586368785878963,0.0323168615387126,125,11.45024347305298,8.769987106323242,0.0736732752092423,1.616521647230661,0.6963826030691898,0.002333530170129,,,,SAGE_MPPI,examples/SAGE_MPPI/clean_SAGE/reach_static_ur7e_tall.py,examples/SAGE_MPPI/clean_SAGE/config/ur7e_reacher_gazebo_tall_sage_clean.yml,examples/SAGE_MPPI/clean_SAGE/run_all_reach_static_tall.sh,9,2.0,True,True,True,True,True,False,python_internal_tuned_logic,,,,,,,,
sage_mppi_tuned,0,57,sage44_manual_static_tall_032,manual_grid,tall,True,False,False,False,0.0088000759298208,0.482726268286972,0.0672436434075897,90,11.5932035446167,6.651474952697754,0.0796033478854747,1.2971495932567925,0.5287121517820756,0.0036743384714125,,,,SAGE_MPPI,examples/SAGE_MPPI/clean_SAGE/reach_static_ur7e_tall.py,examples/SAGE_MPPI/clean_SAGE/config/ur7e_reacher_gazebo_tall_sage_clean.yml,examples/SAGE_MPPI/clean_SAGE/run_all_reach_static_tall.sh,9,2.0,True,True,True,True,True,False,python_internal_tuned_logic,,,,,,,,
sage_mppi_tuned,0,58,sage44_manual_static_tall_033,manual_grid,tall,True,False,False,False,0.0095202893864868,0.0851386688500374,0.0745399209955375,96,9.748956441879272,6.765878200531006,0.0747949424542878,1.313357563196827,0.5712136176619104,0.0033101074571495,,,,SAGE_MPPI,examples/SAGE_MPPI/clean_SAGE/reach_static_ur7e_tall.py,examples/SAGE_MPPI/clean_SAGE/config/ur7e_reacher_gazebo_tall_sage_clean.yml,examples/SAGE_MPPI/clean_SAGE/run_all_reach_static_tall.sh,9,2.0,True,True,True,True,True,False,python_internal_tuned_logic,,,,,,,,
sage_mppi_tuned,0,59,sage44_manual_static_tall_034,manual_grid,tall,True,False,False,False,0.0099034517641352,0.3783050387148845,0.0549839652431145,112,10.751816987991331,7.903676986694336,0.0743149057164922,1.739669106922787,0.682699629873187,0.003213413850928,,,,SAGE_MPPI,examples/SAGE_MPPI/clean_SAGE/reach_static_ur7e_tall.py,examples/SAGE_MPPI/clean_SAGE/config/ur7e_reacher_gazebo_tall_sage_clean.yml,examples/SAGE_MPPI/clean_SAGE/run_all_reach_static_tall.sh,9,2.0,True,True,True,True,True,False,python_internal_tuned_logic,,,,,,,,
sage_mppi_tuned,0,60,sage44_manual_static_tall_035,manual_grid,tall,True,False,False,False,0.0081663746727865,1.1610251156543887,0.0056240875393152,179,15.205302238464355,12.4478120803833,0.0729574889279483,2.300147510691484,0.6686799394403198,0.0022150028869793,,,,SAGE_MPPI,examples/SAGE_MPPI/clean_SAGE/reach_static_ur7e_tall.py,examples/SAGE_MPPI/clean_SAGE/config/ur7e_reacher_gazebo_tall_sage_clean.yml,examples/SAGE_MPPI/clean_SAGE/run_all_reach_static_tall.sh,9,2.0,True,True,True,True,True,False,python_internal_tuned_logic,,,,,,,,
sage_mppi_tuned,0,61,sage44_manual_static_tall_036,manual_grid,tall,True,False,False,False,0.0080975333584259,0.1298775911504204,0.0036862295508384,85,8.84500765800476,6.088045835494995,0.0765218081928434,1.1200002510482958,0.3777573416877187,0.0028826746875175,,,,SAGE_MPPI,examples/SAGE_MPPI/clean_SAGE/reach_static_ur7e_tall.py,examples/SAGE_MPPI/clean_SAGE/config/ur7e_reacher_gazebo_tall_sage_clean.yml,examples/SAGE_MPPI/clean_SAGE/run_all_reach_static_tall.sh,9,2.0,True,True,True,True,True,False,python_internal_tuned_logic,,,,,,,,
sage_mppi_tuned,0,62,sage44_manual_static_tall_037,manual_grid,tall,True,False,False,False,0.0088641558503904,0.1508218985431677,0.0130799244415127,77,8.200778722763062,5.60626482963562,0.0770430533509505,0.6926839711141787,0.2666336371811913,0.0022872002902701,,,,SAGE_MPPI,examples/SAGE_MPPI/clean_SAGE/reach_static_ur7e_tall.py,examples/SAGE_MPPI/clean_SAGE/config/ur7e_reacher_gazebo_tall_sage_clean.yml,examples/SAGE_MPPI/clean_SAGE/run_all_reach_static_tall.sh,9,2.0,True,True,True,True,True,False,python_internal_tuned_logic,,,,,,,,
sage_mppi_tuned,0,63,sage44_manual_static_tall_038,manual_grid,tall,True,False,False,False,0.007807267131458,0.118527012368667,0.0878999940395355,74,7.932640790939331,5.303172111511231,0.0757529115023678,0.5301177548752525,0.1637315861055907,0.0014420979321491,,,,SAGE_MPPI,examples/SAGE_MPPI/clean_SAGE/reach_static_ur7e_tall.py,examples/SAGE_MPPI/clean_SAGE/config/ur7e_reacher_gazebo_tall_sage_clean.yml,examples/SAGE_MPPI/clean_SAGE/run_all_reach_static_tall.sh,9,2.0,True,True,True,True,True,False,python_internal_tuned_logic,,,,,,,,
sage_mppi_tuned,0,64,sage44_manual_static_tall_039,manual_grid,tall,True,False,False,False,0.0097918757834525,0.0080952601869336,0.0878999940395355,40,5.359338045120239,2.9140002727508545,0.0778762744023249,0.3093573854786054,0.0932406676122171,0.0021176681539129,,,,SAGE_MPPI,examples/SAGE_MPPI/clean_SAGE/reach_static_ur7e_tall.py,examples/SAGE_MPPI/clean_SAGE/config/ur7e_reacher_gazebo_tall_sage_clean.yml,examples/SAGE_MPPI/clean_SAGE/run_all_reach_static_tall.sh,9,2.0,True,True,True,True,True,False,python_internal_tuned_logic,,,,,,,,
sage_mppi_tuned,0,65,sage44_manual_static_tall_040,manual_grid,tall,True,False,False,False,0.0080621898155012,0.3491553782033376,0.015688477405187,113,10.91843295097351,8.189263343811035,0.0771842300891876,1.9042738020790857,0.6365228075224751,0.0039701648195644,,,,SAGE_MPPI,examples/SAGE_MPPI/clean_SAGE/reach_static_ur7e_tall.py,examples/SAGE_MPPI/clean_SAGE/config/ur7e_reacher_gazebo_tall_sage_clean.yml,examples/SAGE_MPPI/clean_SAGE/run_all_reach_static_tall.sh,9,2.0,True,True,True,True,True,False,python_internal_tuned_logic,,,,,,,,
sage_mppi_tuned,0,66,sage44_manual_static_tall_041,manual_grid,tall,True,False,False,False,0.0082434819084371,0.3421647841121957,0.0317620758780669,78,7.94533634185791,5.466703414916992,0.0738623513803853,1.348529063981588,0.4934521525021803,0.0027250985086847,,,,SAGE_MPPI,examples/SAGE_MPPI/clean_SAGE/reach_static_ur7e_tall.py,examples/SAGE_MPPI/clean_SAGE/config/ur7e_reacher_gazebo_tall_sage_clean.yml,examples/SAGE_MPPI/clean_SAGE/run_all_reach_static_tall.sh,9,2.0,True,True,True,True,True,False,python_internal_tuned_logic,,,,,,,,
sage_mppi_tuned,0,67,sage44_manual_static_tall_042,manual_grid,tall,True,False,False,False,0.0081917238690134,0.1496070594264083,0.0867811339146489,82,8.4450101852417,5.739160776138306,0.0738178624047173,1.2324233321834297,0.4277559921385736,0.0027952025861635,,,,SAGE_MPPI,examples/SAGE_MPPI/clean_SAGE/reach_static_ur7e_tall.py,examples/SAGE_MPPI/clean_SAGE/config/ur7e_reacher_gazebo_tall_sage_clean.yml,examples/SAGE_MPPI/clean_SAGE/run_all_reach_static_tall.sh,9,2.0,True,True,True,True,True,False,python_internal_tuned_logic,,,,,,,,
sage_mppi_tuned,0,68,sage44_manual_static_tall_043,manual_grid,tall,True,False,False,False,0.0079521630159919,0.2612662045668162,0.0878999940395355,74,7.726132392883301,5.2151525020599365,0.074479289250831,1.1682052568378238,0.4026051818653074,0.0032130971005152,,,,SAGE_MPPI,examples/SAGE_MPPI/clean_SAGE/reach_static_ur7e_tall.py,examples/SAGE_MPPI/clean_SAGE/config/ur7e_reacher_gazebo_tall_sage_clean.yml,examples/SAGE_MPPI/clean_SAGE/run_all_reach_static_tall.sh,9,2.0,True,True,True,True,True,False,python_internal_tuned_logic,,,,,,,,
sage_mppi_tuned,0,69,sage44_manual_static_tall_044,manual_grid,tall,True,False,False,False,0.0076083890459739,0.1317051544246568,0.0856534335282163,73,7.802260160446167,5.204338312149048,0.0751243001884884,1.0887917182084486,0.3679898663008446,0.0039237847263949,,,,SAGE_MPPI,examples/SAGE_MPPI/clean_SAGE/reach_static_ur7e_tall.py,examples/SAGE_MPPI/clean_SAGE/config/ur7e_reacher_gazebo_tall_sage_clean.yml,examples/SAGE_MPPI/clean_SAGE/run_all_reach_static_tall.sh,9,2.0,True,True,True,True,True,False,python_internal_tuned_logic,,,,,,,,
sage_mppi_tuned,0,70,sage44_manual_static_tall_047,manual_grid,tall,True,False,False,False,0.0082425513486911,0.3752635699010093,0.038554090842227,68,7.402006387710571,4.755783796310425,0.0737055237613507,1.0459568894285785,0.412545073615491,0.0032617101772313,,,,SAGE_MPPI,examples/SAGE_MPPI/clean_SAGE/reach_static_ur7e_tall.py,examples/SAGE_MPPI/clean_SAGE/config/ur7e_reacher_gazebo_tall_sage_clean.yml,examples/SAGE_MPPI/clean_SAGE/run_all_reach_static_tall.sh,9,2.0,True,True,True,True,True,False,python_internal_tuned_logic,,,,,,,,
sage_mppi_tuned,0,71,sage44_manual_static_tall_048,manual_grid,tall,True,False,False,False,0.0081102017315716,0.2597428138471624,0.0603553091829699,75,7.7546775341033936,5.275533676147461,0.0743495805843456,0.9700825192563556,0.3995407611303934,0.0028004141980776,,,,SAGE_MPPI,examples/SAGE_MPPI/clean_SAGE/reach_static_ur7e_tall.py,examples/SAGE_MPPI/clean_SAGE/config/ur7e_reacher_gazebo_tall_sage_clean.yml,examples/SAGE_MPPI/clean_SAGE/run_all_reach_static_tall.sh,9,2.0,True,True,True,True,True,False,python_internal_tuned_logic,,,,,,,,
sage_mppi_tuned,0,72,sage44_manual_static_tall_049,manual_grid,tall,True,False,False,False,0.0074653117964652,0.1757674532462231,0.0809825105918275,75,7.800131797790527,5.305933237075806,0.0746129976736532,0.9913393115992988,0.3915382251849363,0.0039732050556807,,,,SAGE_MPPI,examples/SAGE_MPPI/clean_SAGE/reach_static_ur7e_tall.py,examples/SAGE_MPPI/clean_SAGE/config/ur7e_reacher_gazebo_tall_sage_clean.yml,examples/SAGE_MPPI/clean_SAGE/run_all_reach_static_tall.sh,9,2.0,True,True,True,True,True,False,python_internal_tuned_logic,,,,,,,,
sage_mppi_tuned,0,73,sage44_manual_static_tall_050,manual_grid,tall,True,False,False,False,0.0092056612577154,0.3539952464848009,0.0495335496747943,80,8.147525310516357,5.596780061721802,0.0738250786745095,0.9176033916152068,0.3830616013402756,0.0032312466969808,,,,SAGE_MPPI,examples/SAGE_MPPI/clean_SAGE/reach_static_ur7e_tall.py,examples/SAGE_MPPI/clean_SAGE/config/ur7e_reacher_gazebo_tall_sage_clean.yml,examples/SAGE_MPPI/clean_SAGE/run_all_reach_static_tall.sh,9,2.0,True,True,True,True,True,False,python_internal_tuned_logic,,,,,,,,
sage_mppi_tuned,0,74,sage44_manual_static_tall_051,manual_grid,tall,True,False,False,False,0.0099143582325156,0.1985087722072323,0.0124584028363227,82,8.67847490310669,5.7437584400177,0.073696654519917,1.0051373223927984,0.4194172899300855,0.0026601719844265,,,,SAGE_MPPI,examples/SAGE_MPPI/clean_SAGE/reach_static_ur7e_tall.py,examples/SAGE_MPPI/clean_SAGE/config/ur7e_reacher_gazebo_tall_sage_clean.yml,examples/SAGE_MPPI/clean_SAGE/run_all_reach_static_tall.sh,9,2.0,True,True,True,True,True,False,python_internal_tuned_logic,,,,,,,,
sage_mppi_tuned,0,75,sage44_manual_static_tall_052,hard_reach,tall,True,False,False,False,0.0095194590831754,0.3708384667760012,0.0570530003949128,129,11.726120710372925,8.999388217926025,0.0736515559256076,2.3931766800683008,0.7394014069552013,0.0042312559610663,,,,SAGE_MPPI,examples/SAGE_MPPI/clean_SAGE/reach_static_ur7e_tall.py,examples/SAGE_MPPI/clean_SAGE/config/ur7e_reacher_gazebo_tall_sage_clean.yml,examples/SAGE_MPPI/clean_SAGE/run_all_reach_static_tall.sh,9,2.0,True,True,True,True,True,False,python_internal_tuned_logic,,,,,,,,
sage_mppi_tuned,0,76,sage44_manual_static_tall_053,hard_reach,tall,True,False,False,False,0.0095849171536671,0.4978117614986249,0.0485630946611848,117,11.02429175376892,8.244308233261108,0.0744578303961918,2.2115878879829576,0.7243493259170771,0.0043695760484093,,,,SAGE_MPPI,examples/SAGE_MPPI/clean_SAGE/reach_static_ur7e_tall.py,examples/SAGE_MPPI/clean_SAGE/config/ur7e_reacher_gazebo_tall_sage_clean.yml,examples/SAGE_MPPI/clean_SAGE/run_all_reach_static_tall.sh,9,2.0,True,True,True,True,True,False,python_internal_tuned_logic,,,,,,,,
sage_mppi_tuned,0,77,sage44_manual_static_tall_054,hard_reach,tall,True,False,False,False,0.0098377986388011,0.4356821538932671,0.0287412037582119,93,8.948514938354492,6.4773664474487305,0.0733729160350302,1.9845394223525468,0.6933336025283736,0.0037863015796791,,,,SAGE_MPPI,examples/SAGE_MPPI/clean_SAGE/reach_static_ur7e_tall.py,examples/SAGE_MPPI/clean_SAGE/config/ur7e_reacher_gazebo_tall_sage_clean.yml,examples/SAGE_MPPI/clean_SAGE/run_all_reach_static_tall.sh,9,2.0,True,True,True,True,True,False,python_internal_tuned_logic,,,,,,,,
sage_mppi_tuned,0,78,sage44_manual_static_tall_055,hard_reach,tall,True,False,False,False,0.0096645839215811,0.3003057633456193,0.0417526825308799,154,13.816781520843506,10.774535417556764,0.0739671576256845,2.6215514666408897,0.8104540370588043,0.0037758041278467,,,,SAGE_MPPI,examples/SAGE_MPPI/clean_SAGE/reach_static_ur7e_tall.py,examples/SAGE_MPPI/clean_SAGE/config/ur7e_reacher_gazebo_tall_sage_clean.yml,examples/SAGE_MPPI/clean_SAGE/run_all_reach_static_tall.sh,9,2.0,True,True,True,True,True,False,python_internal_tuned_logic,,,,,,,,
sage_mppi_tuned,0,79,sage44_manual_static_tall_056,hard_reach,tall,True,False,False,False,0.0099225463567627,1.451327308408493,0.0009403108201426,175,15.032086372375488,12.145350217819214,0.0730663839427904,3.117567310022616,0.8423987645278131,0.0030940907605133,,,,SAGE_MPPI,examples/SAGE_MPPI/clean_SAGE/reach_static_ur7e_tall.py,examples/SAGE_MPPI/clean_SAGE/config/ur7e_reacher_gazebo_tall_sage_clean.yml,examples/SAGE_MPPI/clean_SAGE/run_all_reach_static_tall.sh,9,2.0,True,True,True,True,True,False,python_internal_tuned_logic,,,,,,,,
sage_mppi_tuned,0,80,sage44_manual_static_tall_057,hard_reach,tall,True,False,False,False,0.0094657501175983,0.738955461501541,0.0373617887002524,185,15.89773178100586,12.98007869720459,0.0737837306831194,2.780006247028047,0.8736707391823904,0.0028549122136141,,,,SAGE_MPPI,examples/SAGE_MPPI/clean_SAGE/reach_static_ur7e_tall.py,examples/SAGE_MPPI/clean_SAGE/config/ur7e_reacher_gazebo_tall_sage_clean.yml,examples/SAGE_MPPI/clean_SAGE/run_all_reach_static_tall.sh,9,2.0,True,True,True,True,True,False,python_internal_tuned_logic,,,,,,,,
sage_mppi_tuned,0,81,sage44_manual_static_tall_058,hard_reach,tall,True,False,False,False,0.0094377394531122,1.3173550535626073,0.0292233129278717,217,18.17799186706543,15.138835430145264,0.0732169923958955,2.961349331908936,0.9338341578171544,0.0024489479255436,,,,SAGE_MPPI,examples/SAGE_MPPI/clean_SAGE/reach_static_ur7e_tall.py,examples/SAGE_MPPI/clean_SAGE/config/ur7e_reacher_gazebo_tall_sage_clean.yml,examples/SAGE_MPPI/clean_SAGE/run_all_reach_static_tall.sh,9,2.0,True,True,True,True,True,False,python_internal_tuned_logic,,,,,,,,
rrtstar_ompl,0,82,sage44_manual_static_tall_002,manual_grid,tall,True,False,False,False,0.009165870720461,0.0,0.0201031163791106,27,5.252182960510254,5.160482168197632,,1.3711851808259383,0.8448298274493402,7.377495693940359e-16,True,True,False,OMPL_RRTstar,examples/static_compare/rrtstar_ompl_adapter.py,examples/static_compare/config/static_tall_benchmark.yml,,0,0.0,False,False,False,False,False,False,ompl_joint_space_static_checker,,1.3711851808259383,5.0,0.05,0.05,0.05,8025.0,225.0
rrtstar_ompl,0,83,sage44_manual_static_tall_003,manual_grid,tall,True,False,False,False,0.0096618424197707,0.0,0.0348924079387831,26,5.116301536560059,5.029111623764038,,1.3154355206439483,0.8091284720496748,6.158775609779653e-16,True,True,False,OMPL_RRTstar,examples/static_compare/rrtstar_ompl_adapter.py,examples/static_compare/config/static_tall_benchmark.yml,,0,0.0,False,False,False,False,False,False,ompl_joint_space_static_checker,,1.3154355206439483,5.0,0.05,0.05,0.05,7816.0,334.0
rrtstar_ompl,0,84,sage44_manual_static_tall_004,manual_grid,tall,True,False,False,False,0.0086401591877427,0.0,0.0355728458530271,28,5.099618434906006,5.007288694381714,,1.4071469752653671,0.8029692336546477,5.453146487833533e-16,True,True,False,OMPL_RRTstar,examples/static_compare/rrtstar_ompl_adapter.py,examples/static_compare/config/static_tall_benchmark.yml,,0,0.0,False,False,False,False,False,False,ompl_joint_space_static_checker,,1.4071469752653671,5.0,0.05,0.05,0.05,7763.0,347.0
rrtstar_ompl,0,85,sage44_manual_static_tall_007,manual_grid,tall,True,False,False,False,0.0095591862233101,0.0,0.0085136912798405,24,5.108664751052856,5.032756567001343,,1.2373089190063975,0.7188760100994438,4.673720862289387e-16,True,True,False,OMPL_RRTstar,examples/static_compare/rrtstar_ompl_adapter.py,examples/static_compare/config/static_tall_benchmark.yml,,0,0.0,False,False,False,False,False,False,ompl_joint_space_static_checker,,1.2373089190063975,5.0,0.05,0.05,0.05,7696.0,319.0
rrtstar_ompl,0,86,sage44_manual_static_tall_008,manual_grid,tall,True,False,False,False,0.0086838078466817,0.0,0.0331460764680087,22,5.078604698181152,5.003371715545654,,1.1199022698423275,0.6760438037676654,4.537976299720857e-16,True,True,False,OMPL_RRTstar,examples/static_compare/rrtstar_ompl_adapter.py,examples/static_compare/config/static_tall_benchmark.yml,,0,0.0,False,False,False,False,False,False,ompl_joint_space_static_checker,,1.1199022698423275,5.0,0.05,0.05,0.05,7752.0,293.0
rrtstar_ompl,0,87,sage44_manual_static_tall_009,manual_grid,tall,True,False,False,False,0.008153506785771,0.0,0.0307617651740922,26,5.389365196228027,5.301676511764526,,1.334835781659081,0.6743600861090392,6.123470840191835e-16,True,True,False,OMPL_RRTstar,examples/static_compare/rrtstar_ompl_adapter.py,examples/static_compare/config/static_tall_benchmark.yml,,0,0.0,False,False,False,False,False,False,ompl_joint_space_static_checker,,1.334835781659081,5.0,0.05,0.05,0.05,8282.0,285.0
rrtstar_ompl,0,88,sage44_manual_static_tall_013,manual_grid,tall,False,True,False,False,0.5795596818175596,4.037036502104702,0.0439852065309882,30,5.471305847167969,5.291840791702271,,8.476491282885988,1.3045277496368335,0.0383667409017795,True,False,True,OMPL_RRTstar,examples/static_compare/rrtstar_ompl_adapter.py,examples/static_compare/config/static_tall_benchmark.yml,,0,0.0,False,False,False,False,False,False,ompl_joint_space_static_checker,OMPL RRTstar returned only an approximate solution within the planning time limit,8.476491282885988,5.0,0.05,0.05,0.05,8415.0,377.0
rrtstar_ompl,0,89,sage44_manual_static_tall_014,manual_grid,tall,True,False,False,False,0.0081025150094041,0.0,0.0092671363590872,27,5.136213541030884,5.050119161605835,,1.3767989841863308,0.6479412375215587,5.52507448439666e-16,True,True,False,OMPL_RRTstar,examples/static_compare/rrtstar_ompl_adapter.py,examples/static_compare/config/static_tall_benchmark.yml,,0,0.0,False,False,False,False,False,False,ompl_joint_space_static_checker,,1.3767989841863308,5.0,0.05,0.05,0.05,7879.0,414.0
rrtstar_ompl,0,90,sage44_manual_static_tall_015,manual_grid,tall,True,False,False,False,0.0094965838769691,0.0,0.0553963146604717,23,5.153265953063965,5.079988718032837,,1.1959981874633516,0.6052764484596171,7.44694273133965e-16,True,True,False,OMPL_RRTstar,examples/static_compare/rrtstar_ompl_adapter.py,examples/static_compare/config/static_tall_benchmark.yml,,0,0.0,False,False,False,False,False,False,ompl_joint_space_static_checker,,1.1959981874633516,5.0,0.05,0.05,0.05,7924.0,288.0
rrtstar_ompl,0,91,sage44_manual_static_tall_016,manual_grid,tall,True,False,False,False,0.0078488871736653,0.0,0.0550806891552067,23,5.115812540054321,5.038168668746948,,1.1709543875023911,0.5917880617682318,6.588966122770347e-16,True,True,False,OMPL_RRTstar,examples/static_compare/rrtstar_ompl_adapter.py,examples/static_compare/config/static_tall_benchmark.yml,,0,0.0,False,False,False,False,False,False,ompl_joint_space_static_checker,,1.1709543875023911,5.0,0.05,0.05,0.05,7866.0,378.0
rrtstar_ompl,0,92,sage44_manual_static_tall_017,manual_grid,tall,True,False,False,False,0.0094425395396485,0.0,0.052708485626715,24,5.190937042236328,5.1134350299835205,,1.204261349084815,0.5960773656045568,3.6898714291141653e-16,True,True,False,OMPL_RRTstar,examples/static_compare/rrtstar_ompl_adapter.py,examples/static_compare/config/static_tall_benchmark.yml,,0,0.0,False,False,False,False,False,False,ompl_joint_space_static_checker,,1.204261349084815,5.0,0.05,0.05,0.05,7981.0,428.0
rrtstar_ompl,0,93,sage44_manual_static_tall_021,manual_grid,tall,True,False,False,False,0.00836621596487,0.0,0.0471274331914766,17,5.129963159561157,5.072794675827026,,0.8950982657863293,0.4187434613899826,5.730604223546386e-16,True,True,False,OMPL_RRTstar,examples/static_compare/rrtstar_ompl_adapter.py,examples/static_compare/config/static_tall_benchmark.yml,,0,0.0,False,False,False,False,False,False,ompl_joint_space_static_checker,,0.8950982657863293,5.0,0.05,0.05,0.05,7843.0,303.0
rrtstar_ompl,0,94,sage44_manual_static_tall_022,manual_grid,tall,True,False,False,False,0.0092979548342885,0.0,0.0750212702015846,15,5.05022120475769,5.000587463378906,,0.7981430170166782,0.3884326622174101,5.91339464706266e-16,True,True,False,OMPL_RRTstar,examples/static_compare/rrtstar_ompl_adapter.py,examples/static_compare/config/static_tall_benchmark.yml,,0,0.0,False,False,False,False,False,False,ompl_joint_space_static_checker,,0.7981430170166782,5.0,0.05,0.05,0.05,7787.0,302.0
rrtstar_ompl,0,95,sage44_manual_static_tall_026,manual_grid,tall,True,False,False,False,0.0081972689255524,0.0,0.0606976852009737,11,5.04263710975647,5.000584602355957,,0.5571336076625191,0.2919112944221196,7.465187674065864e-16,True,True,False,OMPL_RRTstar,examples/static_compare/rrtstar_ompl_adapter.py,examples/static_compare/config/static_tall_benchmark.yml,,0,0.0,False,False,False,False,False,False,ompl_joint_space_static_checker,,0.5571336076625191,5.0,0.05,0.05,0.05,7774.0,358.0
rrtstar_ompl,0,96,sage44_manual_static_tall_027,manual_grid,tall,True,False,False,False,0.0098680044375619,0.0,0.0747078559286954,12,5.051634073257446,5.011001110076904,,0.6291295719880092,0.2726561083489672,6.690022307532521e-16,True,True,False,OMPL_RRTstar,examples/static_compare/rrtstar_ompl_adapter.py,examples/static_compare/config/static_tall_benchmark.yml,,0,0.0,False,False,False,False,False,False,ompl_joint_space_static_checker,,0.6291295719880092,5.0,0.05,0.05,0.05,7782.0,384.0
rrtstar_ompl,0,97,sage44_manual_static_tall_031,manual_grid,tall,True,False,False,False,0.0089758349312826,0.0,0.0171344413268141,61,5.205451488494873,5.0164124965667725,,3.058272221025565,0.5649544606611848,7.08193531702539e-16,True,True,False,OMPL_RRTstar,examples/static_compare/rrtstar_ompl_adapter.py,examples/static_compare/config/static_tall_benchmark.yml,,0,0.0,False,False,False,False,False,False,ompl_joint_space_static_checker,,3.058272221025565,5.0,0.05,0.05,0.05,7757.0,283.0
rrtstar_ompl,0,98,sage44_manual_static_tall_032,manual_grid,tall,True,False,False,False,0.0099194728135963,0.0,0.0592276118839514,20,5.096181869506836,5.027760982513428,,1.0447807916650316,0.5322548849416933,5.2152058243915825e-16,True,True,False,OMPL_RRTstar,examples/static_compare/rrtstar_ompl_adapter.py,examples/static_compare/config/static_tall_benchmark.yml,,0,0.0,False,False,False,False,False,False,ompl_joint_space_static_checker,,1.0447807916650316,5.0,0.05,0.05,0.05,7832.0,324.0
rrtstar_ompl,0,99,sage44_manual_static_tall_033,manual_grid,tall,True,False,False,False,0.0098456574682318,0.0,0.0847336257754661,21,5.175352573394775,5.106967926025391,,1.0614817727001458,0.5174850881232852,6.13818199376792e-16,True,True,False,OMPL_RRTstar,examples/static_compare/rrtstar_ompl_adapter.py,examples/static_compare/config/static_tall_benchmark.yml,,0,0.0,False,False,False,False,False,False,ompl_joint_space_static_checker,,1.0614817727001458,5.0,0.05,0.05,0.05,7914.0,366.0
rrtstar_ompl,0,100,sage44_manual_static_tall_034,manual_grid,tall,True,False,False,False,0.008897020355359,0.0,0.0555934506838782,26,5.199613809585571,5.112305164337158,,1.3407834610755265,0.5338387378656403,4.374517831356136e-16,True,True,False,OMPL_RRTstar,examples/static_compare/rrtstar_ompl_adapter.py,examples/static_compare/config/static_tall_benchmark.yml,,0,0.0,False,False,False,False,False,False,ompl_joint_space_static_checker,,1.3407834610755265,5.0,0.05,0.05,0.05,7934.0,368.0
rrtstar_ompl,0,101,sage44_manual_static_tall_035,manual_grid,tall,False,True,False,False,0.6770992404344013,5.006347222654488,0.0100272895649616,18,5.166660308837891,5.058769464492798,,4.911835855326346,1.618062847636717,7.457813361338231e-16,True,False,True,OMPL_RRTstar,examples/static_compare/rrtstar_ompl_adapter.py,examples/static_compare/config/static_tall_benchmark.yml,,0,0.0,False,False,False,False,False,False,ompl_joint_space_static_checker,OMPL RRTstar returned only an approximate solution within the planning time limit,4.911835855326346,5.0,0.05,0.05,0.05,7915.0,357.0
rrtstar_ompl,0,102,sage44_manual_static_tall_036,manual_grid,tall,True,False,False,False,0.0096638208329746,0.0,0.000736006502826,18,5.1061110496521,5.046589374542236,,0.9256366500260648,0.333978511624809,5.346797511438384e-16,True,True,False,OMPL_RRTstar,examples/static_compare/rrtstar_ompl_adapter.py,examples/static_compare/config/static_tall_benchmark.yml,,0,0.0,False,False,False,False,False,False,ompl_joint_space_static_checker,,0.9256366500260648,5.0,0.05,0.05,0.05,7847.0,363.0
rrtstar_ompl,0,103,sage44_manual_static_tall_037,manual_grid,tall,True,False,False,False,0.0078747763284342,0.0,0.0130236582674866,13,5.0450074672698975,5.0011887550354,,0.6729059077101228,0.2327234088458659,6.157260923162723e-16,True,True,False,OMPL_RRTstar,examples/static_compare/rrtstar_ompl_adapter.py,examples/static_compare/config/static_tall_benchmark.yml,,0,0.0,False,False,False,False,False,False,ompl_joint_space_static_checker,,0.6729059077101228,5.0,0.05,0.05,0.05,7795.0,296.0
rrtstar_ompl,0,104,sage44_manual_static_tall_038,manual_grid,tall,True,False,False,False,0.0079147403326014,0.0,0.0878999940395355,10,5.094255685806274,5.054096937179565,,0.5260058807833083,0.1454558164247269,5.446268389269561e-16,True,True,False,OMPL_RRTstar,examples/static_compare/rrtstar_ompl_adapter.py,examples/static_compare/config/static_tall_benchmark.yml,,0,0.0,False,False,False,False,False,False,ompl_joint_space_static_checker,,0.5260058807833083,5.0,0.05,0.05,0.05,7838.0,417.0
rrtstar_ompl,0,105,sage44_manual_static_tall_039,manual_grid,tall,True,False,False,False,0.0077589207218852,0.0,0.0878999940395355,6,5.267323970794678,5.2445807456970215,,0.3046558931032413,0.0862176207372976,4.377806820842468e-16,True,True,False,OMPL_RRTstar,examples/static_compare/rrtstar_ompl_adapter.py,examples/static_compare/config/static_tall_benchmark.yml,,0,0.0,False,False,False,False,False,False,ompl_joint_space_static_checker,,0.3046558931032413,5.0,0.05,0.05,0.05,8080.0,344.0
rrtstar_ompl,0,106,sage44_manual_static_tall_040,manual_grid,tall,True,False,False,False,0.0094232387059226,0.0,0.0222891925066709,27,5.099404811859131,5.010961532592773,,1.3685185873629642,0.5930609863228556,5.6810626332653e-16,True,True,False,OMPL_RRTstar,examples/static_compare/rrtstar_ompl_adapter.py,examples/static_compare/config/static_tall_benchmark.yml,,0,0.0,False,False,False,False,False,False,ompl_joint_space_static_checker,,1.3685185873629642,5.0,0.05,0.05,0.05,7835.0,288.0
rrtstar_ompl,0,107,sage44_manual_static_tall_041,manual_grid,tall,True,False,False,False,0.0091985889177751,0.0,0.0057417043238878,27,5.124382019042969,5.039364576339722,,1.3584741721155975,0.494935435158346,6.650279344986033e-16,True,True,False,OMPL_RRTstar,examples/static_compare/rrtstar_ompl_adapter.py,examples/static_compare/config/static_tall_benchmark.yml,,0,0.0,False,False,False,False,False,False,ompl_joint_space_static_checker,,1.3584741721155975,5.0,0.05,0.05,0.05,7884.0,221.0
rrtstar_ompl,0,108,sage44_manual_static_tall_042,manual_grid,tall,True,False,False,False,0.007254241732304,0.0,0.0842749577371112,24,5.133349418640137,5.056959867477417,,1.206325231945324,0.4123691467088675,6.050418612939556e-16,True,True,False,OMPL_RRTstar,examples/static_compare/rrtstar_ompl_adapter.py,examples/static_compare/config/static_tall_benchmark.yml,,0,0.0,False,False,False,False,False,False,ompl_joint_space_static_checker,,1.206325231945324,5.0,0.05,0.05,0.05,7883.0,256.0
rrtstar_ompl,0,109,sage44_manual_static_tall_043,manual_grid,tall,True,False,False,False,0.0092000079660229,0.0,0.0865819650745714,21,5.12286376953125,5.050224542617798,,1.091290683846282,0.355269268440108,6.845951952000038e-16,True,True,False,OMPL_RRTstar,examples/static_compare/rrtstar_ompl_adapter.py,examples/static_compare/config/static_tall_benchmark.yml,,0,0.0,False,False,False,False,False,False,ompl_joint_space_static_checker,,1.091290683846282,5.0,0.05,0.05,0.05,7884.0,251.0
rrtstar_ompl,0,110,sage44_manual_static_tall_044,manual_grid,tall,True,False,False,False,0.0096942564077737,0.0,0.0878999940395355,19,5.069537878036499,5.00679087638855,,0.9576548701402058,0.3118450974155543,5.975361307016822e-16,True,True,False,OMPL_RRTstar,examples/static_compare/rrtstar_ompl_adapter.py,examples/static_compare/config/static_tall_benchmark.yml,,0,0.0,False,False,False,False,False,False,ompl_joint_space_static_checker,,0.9576548701402058,5.0,0.05,0.05,0.05,7813.0,377.0
rrtstar_ompl,0,111,sage44_manual_static_tall_047,manual_grid,tall,True,False,False,False,0.0088361159931199,0.0,0.0422315142232804,19,5.09689474105835,5.032845497131348,,0.9833696325227156,0.4110128772828698,6.45318875955842e-16,True,True,False,OMPL_RRTstar,examples/static_compare/rrtstar_ompl_adapter.py,examples/static_compare/config/static_tall_benchmark.yml,,0,0.0,False,False,False,False,False,False,ompl_joint_space_static_checker,,0.9833696325227156,5.0,0.05,0.05,0.05,7854.0,273.0
rrtstar_ompl,0,112,sage44_manual_static_tall_048,manual_grid,tall,True,False,False,False,0.0089281581630055,0.0,0.054174839139957,20,5.115586757659912,5.0491251945495605,,1.0128439446117727,0.3845706176110154,5.939148672721235e-16,True,True,False,OMPL_RRTstar,examples/static_compare/rrtstar_ompl_adapter.py,examples/static_compare/config/static_tall_benchmark.yml,,0,0.0,False,False,False,False,False,False,ompl_joint_space_static_checker,,1.0128439446117727,5.0,0.05,0.05,0.05,7903.0,358.0
rrtstar_ompl,0,113,sage44_manual_static_tall_049,manual_grid,tall,True,False,False,False,0.0083714422346482,0.0,0.072586009956423,17,5.125844955444336,5.06771445274353,,0.8811116428410434,0.3598780760071063,7.362998351719052e-16,True,True,False,OMPL_RRTstar,examples/static_compare/rrtstar_ompl_adapter.py,examples/static_compare/config/static_tall_benchmark.yml,,0,0.0,False,False,False,False,False,False,ompl_joint_space_static_checker,,0.8811116428410434,5.0,0.05,0.05,0.05,7887.0,366.0
rrtstar_ompl,0,114,sage44_manual_static_tall_050,manual_grid,tall,True,False,False,False,0.0094321915130884,0.0,0.0391665697058207,16,5.161142349243164,5.105443239212036,,0.8319951999602473,0.3407205221564406,5.581842927296747e-16,True,True,False,OMPL_RRTstar,examples/static_compare/rrtstar_ompl_adapter.py,examples/static_compare/config/static_tall_benchmark.yml,,0,0.0,False,False,False,False,False,False,ompl_joint_space_static_checker,,0.8319951999602473,5.0,0.05,0.05,0.05,7912.0,334.0
rrtstar_ompl,0,115,sage44_manual_static_tall_051,manual_grid,tall,True,False,False,False,0.0094384760650737,0.0,0.0086445398188387,17,5.085756301879883,5.026773691177368,,0.8616334445593621,0.3323601366955617,6.142492167279687e-16,True,True,False,OMPL_RRTstar,examples/static_compare/rrtstar_ompl_adapter.py,examples/static_compare/config/static_tall_benchmark.yml,,0,0.0,False,False,False,False,False,False,ompl_joint_space_static_checker,,0.8616334445593621,5.0,0.05,0.05,0.05,7797.0,315.0
rrtstar_ompl,0,116,sage44_manual_static_tall_052,hard_reach,tall,True,False,False,False,0.0090888422591754,0.0,0.0137044715123717,43,5.184133291244507,5.0530781745910645,,2.170818416903279,0.7885470993785197,8.291487908698745e-16,True,True,False,OMPL_RRTstar,examples/static_compare/rrtstar_ompl_adapter.py,examples/static_compare/config/static_tall_benchmark.yml,,0,0.0,False,False,False,False,False,False,ompl_joint_space_static_checker,,2.170818416903279,5.0,0.05,0.05,0.05,7911.0,268.0
rrtstar_ompl,0,117,sage44_manual_static_tall_053,hard_reach,tall,True,False,False,False,0.009177754251084,0.0,0.0679472385955442,41,5.187801599502564,5.0574352741241455,,2.057959829799136,0.7284795884682489,7.539293147905243e-16,True,True,False,OMPL_RRTstar,examples/static_compare/rrtstar_ompl_adapter.py,examples/static_compare/config/static_tall_benchmark.yml,,0,0.0,False,False,False,False,False,False,ompl_joint_space_static_checker,,2.057959829799136,5.0,0.05,0.05,0.05,7956.0,328.0
rrtstar_ompl,0,118,sage44_manual_static_tall_054,hard_reach,tall,True,False,False,False,0.0090065634291239,0.0,0.0185332973527948,36,5.133101224899292,5.020218133926392,,1.8380802293475569,0.6586094469822473,6.98229080166943e-16,True,True,False,OMPL_RRTstar,examples/static_compare/rrtstar_ompl_adapter.py,examples/static_compare/config/static_tall_benchmark.yml,,0,0.0,False,False,False,False,False,False,ompl_joint_space_static_checker,,1.8380802293475569,5.0,0.05,0.05,0.05,7917.0,266.0
rrtstar_ompl,0,119,sage44_manual_static_tall_055,hard_reach,tall,False,True,False,False,0.8799778448258156,3.572017812996348,0.0878999940395355,41,5.15595555305481,5.028216600418091,,2.5751484329421004,0.5965234993449151,8.920426555906855e-16,True,False,True,OMPL_RRTstar,examples/static_compare/rrtstar_ompl_adapter.py,examples/static_compare/config/static_tall_benchmark.yml,,0,0.0,False,False,False,False,False,False,ompl_joint_space_static_checker,OMPL RRTstar returned only an approximate solution within the planning time limit,2.5751484329421004,5.0,0.05,0.05,0.05,7888.0,374.0
rrtstar_ompl,0,120,sage44_manual_static_tall_056,hard_reach,tall,True,False,False,False,0.0097890647828302,0.0,0.0352174598304811,32,5.180325269699097,5.0752692222595215,,1.6491273019590558,0.7968222221077574,7.711778041333757e-16,True,True,False,OMPL_RRTstar,examples/static_compare/rrtstar_ompl_adapter.py,examples/static_compare/config/static_tall_benchmark.yml,,0,0.0,False,False,False,False,False,False,ompl_joint_space_static_checker,,1.6491273019590558,5.0,0.05,0.05,0.05,7995.0,284.0
rrtstar_ompl,0,121,sage44_manual_static_tall_057,hard_reach,tall,False,True,False,False,0.2889720443512964,4.228481441744004,0.0461586996895292,35,5.378632307052612,5.106875658035278,,14.34532459071872,3.424425517202598,0.0667595664577694,True,False,True,OMPL_RRTstar,examples/static_compare/rrtstar_ompl_adapter.py,examples/static_compare/config/static_tall_benchmark.yml,,0,0.0,False,False,False,False,False,False,ompl_joint_space_static_checker,OMPL RRTstar returned only an approximate solution within the planning time limit,14.34532459071872,5.0,0.05,0.05,0.05,8213.0,469.0
rrtstar_ompl,0,122,sage44_manual_static_tall_058,hard_reach,tall,True,False,False,False,0.0095046005330063,0.0,0.0276376022109896,37,5.113730430603027,5.000497341156006,,1.8919714439473752,0.6902640945943215,9.135516168363222e-16,True,True,False,OMPL_RRTstar,examples/static_compare/rrtstar_ompl_adapter.py,examples/static_compare/config/static_tall_benchmark.yml,,0,0.0,False,False,False,False,False,False,ompl_joint_space_static_checker,,1.8919714439473752,5.0,0.05,0.05,0.05,7803.0,231.0
